,timestamp,algorithm,bits,n,time,success,factor_1,factor_2
0,2025-12-29T00:12:18.947240+00:00,Fermat,48,179857258579967,141000000439.817,True,13383299,13438933
1,2025-12-29T00:12:18.947422+00:00,Pollard Rho,48,179857258579967,0.0016931999998632818,True,13383299,13438933
2,2025-12-29T00:12:18.949144+00:00,Pollard p-1,48,179857258579967,0.0038536999982170528,True,13383299,13438933
3,2025-12-29T00:12:18.953026+00:00,Lenstra,48,179857258579967,0.023041100001137238,True,13383299,13438933
4,2025-12-29T00:12:18.976788+00:00,Fermat,48,135761829463879,0.07519849999880535,True,9187069,14777491
5,2025-12-29T00:12:19.052117+00:00,Pollard Rho,48,135761829463879,0.0006886999999551335,True,9187069,14777491
6,2025-12-29T00:12:19.052878+00:00,Pollard p-1,48,135761829463879,0.05443519999971613,True,9187069,14777491
7,2025-12-29T00:12:19.107364+00:00,Lenstra,48,135761829463879,0.3965473000007478,True,9187069,14777491
8,2025-12-29T00:12:19.504575+00:00,Fermat,48,96058016498501,55299999075.9417,True,9731747,9870583
9,2025-12-29T00:12:19.504693+00:00,Pollard Rho,48,96058016498501,0.0010323999995307531,True,9731747,9870583
10,2025-12-29T00:12:19.505775+00:00,Pollard p-1,48,96058016498501,4083363720000120,True,9731747,9870583
11,2025-12-29T00:13:00.339569+00:00,Lenstra,48,96058016498501,0.05287480000151845,True,9731747,9870583
12,2025-12-29T00:13:00.393141+00:00,Fermat,48,150238587258857,0.07747440000093775,True,9631067,15599371
13,2025-12-29T00:13:00.470719+00:00,Pollard Rho,48,150238587258857,0.001132899998992798,True,9631067,15599371
14,2025-12-29T00:13:00.471918+00:00,Pollard p-1,48,150238587258857,0.008196200000384124,True,9631067,15599371
15,2025-12-29T00:13:00.480215+00:00,Lenstra,48,150238587258857,0.008344500000021071,True,9631067,15599371
16,2025-12-29T00:13:00.489171+00:00,Fermat,48,140823188935601,0.0072440000003552996,True,11081171,12708331
17,2025-12-29T00:13:00.496468+00:00,Pollard Rho,48,140823188935601,0.001555100001496612,True,11081171,12708331
18,2025-12-29T00:13:00.498077+00:00,Pollard p-1,48,140823188935601,19628910199999100,True,11081171,12708331
19,2025-12-29T00:13:20.127147+00:00,Lenstra,48,140823188935601,0.2920096999987436,True,11081171,12708331
20,2025-12-29T00:13:20.419909+00:00,Fermat,48,172953775268411,0.004782300000442774,True,12391031,13957981
21,2025-12-29T00:13:20.424767+00:00,Pollard Rho,48,172953775268411,0.00030390000029001385,True,12391031,13957981
22,2025-12-29T00:13:20.425135+00:00,Pollard p-1,48,172953775268411,3000243212000000,False,0,0
23,2025-12-29T00:18:20.449605+00:00,Lenstra,48,172953775268411,0.025236600000425824,True,12391031,13957981
24,2025-12-29T00:18:20.475523+00:00,Fermat,48,167962813600727,0.0006566000010934658,True,12726811,13197557
25,2025-12-29T00:18:20.476266+00:00,Pollard Rho,48,167962813600727,0.0011971000003541121,True,12726811,13197557
26,2025-12-29T00:18:20.477534+00:00,Pollard p-1,48,167962813600727,17257632999990100,True,12726811,13197557
27,2025-12-29T00:18:22.203406+00:00,Lenstra,48,167962813600727,0.37936719999925117,True,12726811,13197557
28,2025-12-29T00:18:22.583577+00:00,Fermat,48,217259351313863,0.004639400000087335,True,13964953,15557471
29,2025-12-29T00:18:22.588275+00:00,Pollard Rho,48,217259351313863,0.0006498999991890742,True,13964953,15557471
30,2025-12-29T00:18:22.589020+00:00,Pollard p-1,48,217259351313863,0.00915050000003248,True,13964953,15557471
31,2025-12-29T00:18:22.598232+00:00,Lenstra,48,217259351313863,0.16166379999958735,True,13964953,15557471
32,2025-12-29T00:18:22.760597+00:00,Fermat,48,165584311989997,0.02339190000020608,True,11361703,14573899
33,2025-12-29T00:18:22.784053+00:00,Pollard Rho,48,165584311989997,0.001184599999760394,True,11361703,14573899
34,2025-12-29T00:18:22.785302+00:00,Pollard p-1,48,165584311989997,30001236249999900,False,0,0
35,2025-12-29T00:23:22.797809+00:00,Lenstra,48,165584311989997,0.03541630000108853,True,11361703,14573899
36,2025-12-29T00:23:22.833947+00:00,Fermat,48,140755013049163,0.04542850000143517,True,9901271,14215853
37,2025-12-29T00:23:22.879451+00:00,Pollard Rho,48,140755013049163,0.005362899999454385,True,9901271,14215853
38,2025-12-29T00:23:22.884881+00:00,Pollard p-1,48,140755013049163,32964560000000300,True,9901271,14215853
39,2025-12-29T00:23:26.181449+00:00,Lenstra,48,140755013049163,0.32106390000080864,True,9901271,14215853
40,2025-12-29T00:23:26.503236+00:00,Fermat,48,218114214170161,0.00494069999876956,True,13993267,15587083
41,2025-12-29T00:23:26.508249+00:00,Pollard Rho,48,218114214170161,0.003642300000137766,True,13993267,15587083
42,2025-12-29T00:23:26.511962+00:00,Pollard p-1,48,218114214170161,6199372299999590,True,13993267,15587083
43,2025-12-29T00:23:32.711466+00:00,Lenstra,48,218114214170161,0.14918980000038573,True,13993267,15587083
44,2025-12-29T00:23:32.861559+00:00,Fermat,48,153285576091567,0.009566099999574362,True,11388791,13459337
45,2025-12-29T00:23:32.871198+00:00,Pollard Rho,48,153285576091567,0.00224770000022545,True,11388791,13459337
46,2025-12-29T00:23:32.873513+00:00,Pollard p-1,48,153285576091567,1729497590000020,True,11388791,13459337
47,2025-12-29T00:23:50.168617+00:00,Lenstra,48,153285576091567,0.015516899999056477,True,11388791,13459337
48,2025-12-29T00:23:50.185005+00:00,Fermat,48,170312883733813,95500001407.3448,True,12980321,13120853
49,2025-12-29T00:23:50.185172+00:00,Pollard Rho,48,170312883733813,0.0009676999998191604,True,12980321,13120853
50,2025-12-29T00:23:50.186211+00:00,Pollard p-1,48,170312883733813,0.8640387000014016,True,12980321,13120853
51,2025-12-29T00:23:51.050342+00:00,Lenstra,48,170312883733813,0.07616039999993518,True,12980321,13120853
52,2025-12-29T00:23:51.127316+00:00,Fermat,48,200309653831271,0.028943400000571273,True,12425771,16120501
53,2025-12-29T00:23:51.156333+00:00,Pollard Rho,48,200309653831271,0.0023045999987516552,True,12425771,16120501
54,2025-12-29T00:23:51.158688+00:00,Pollard p-1,48,200309653831271,0.07370199999968463,True,12425771,16120501
55,2025-12-29T00:23:51.232461+00:00,Lenstra,48,200309653831271,0.007848400000511901,True,12425771,16120501
56,2025-12-29T00:23:51.241198+00:00,Fermat,48,113247583370443,0.008453399999780231,True,9802459,11552977
57,2025-12-29T00:23:51.249722+00:00,Pollard Rho,48,113247583370443,0.0003020999993168516,True,9802459,11552977
58,2025-12-29T00:23:51.250103+00:00,Pollard p-1,48,113247583370443,0.017743299998983275,True,9802459,11552977
59,2025-12-29T00:23:51.267913+00:00,Lenstra,48,113247583370443,0.05335160000140604,True,9802459,11552977
60,2025-12-29T00:23:51.322125+00:00,Fermat,48,100315164155467,0.0018621999988681637,True,9646981,10398607
61,2025-12-29T00:23:51.324061+00:00,Pollard Rho,48,100315164155467,0.004353899999841815,True,9646981,10398607
62,2025-12-29T00:23:51.328469+00:00,Pollard p-1,48,100315164155467,0.002238399998532259,True,9646981,10398607
63,2025-12-29T00:23:51.330770+00:00,Lenstra,48,100315164155467,0.15142869999908726,True,9646981,10398607
64,2025-12-29T00:23:51.482935+00:00,Fermat,48,113523230064001,0.01756999999997788,True,9414289,12058609
65,2025-12-29T00:23:51.500582+00:00,Pollard Rho,48,113523230064001,0.0014056999989406904,True,9414289,12058609
66,2025-12-29T00:23:51.502060+00:00,Pollard p-1,48,113523230064001,0.0004332000007707393,True,9414289,12058609
67,2025-12-29T00:23:51.502566+00:00,Lenstra,48,113523230064001,0.06859729999996489,True,9414289,12058609
68,2025-12-29T00:23:51.571967+00:00,Fermat,48,138522298217291,0.009596399999281857,True,10802299,12823409
69,2025-12-29T00:23:51.581635+00:00,Pollard Rho,48,138522298217291,0.0024675000004208414,True,10802299,12823409
70,2025-12-29T00:23:51.584166+00:00,Pollard p-1,48,138522298217291,0.0012432000003173016,True,10802299,12823409
71,2025-12-29T00:23:51.585474+00:00,Lenstra,48,138522298217291,0.14458250000097905,True,10802299,12823409
72,2025-12-29T00:23:51.730913+00:00,Fermat,48,116012358847199,0.06875669999863021,True,8503717,13642547
73,2025-12-29T00:23:51.799752+00:00,Pollard Rho,48,116012358847199,0.0020177999995212303,True,8503717,13642547
74,2025-12-29T00:23:51.801835+00:00,Pollard p-1,48,116012358847199,0.0006465999995270977,True,8503717,13642547
75,2025-12-29T00:23:51.802540+00:00,Lenstra,48,116012358847199,0.1440996000001178,True,8503717,13642547
76,2025-12-29T00:23:51.947512+00:00,Fermat,48,131608228373507,0.020680399999037036,True,10089467,13044121
77,2025-12-29T00:23:51.968255+00:00,Pollard Rho,48,131608228373507,0.0023540999991382705,True,10089467,13044121
78,2025-12-29T00:23:51.970677+00:00,Pollard p-1,48,131608228373507,0.21748909999951138,True,10089467,13044121
79,2025-12-29T00:23:52.188246+00:00,Lenstra,48,131608228373507,0.020810700001675286,True,10089467,13044121
80,2025-12-29T00:23:52.209855+00:00,Fermat,48,97438289075423,0.007241100000101142,True,9096163,10712021
81,2025-12-29T00:23:52.217159+00:00,Pollard Rho,48,97438289075423,0.0012425000004441245,True,9096163,10712021
82,2025-12-29T00:23:52.218476+00:00,Pollard p-1,48,97438289075423,0.00021860000015294645,True,9096163,10712021
83,2025-12-29T00:23:52.218770+00:00,Lenstra,48,97438289075423,0.011413099999117549,True,9096163,10712021
84,2025-12-29T00:23:52.231107+00:00,Fermat,48,126682034875447,0.044514799999888055,True,9349129,13550143
85,2025-12-29T00:23:52.275702+00:00,Pollard Rho,48,126682034875447,0.0015698999995947815,True,9349129,13550143
86,2025-12-29T00:23:52.277335+00:00,Pollard p-1,48,126682034875447,3000060418000010,False,0,0
87,2025-12-29T00:28:52.283511+00:00,Lenstra,48,126682034875447,0.3138989000017318,True,9349129,13550143
88,2025-12-29T00:28:52.598507+00:00,Fermat,48,169913161601891,0.06828309999946214,True,10625093,15991687
89,2025-12-29T00:28:52.666914+00:00,Pollard Rho,48,169913161601891,0.004026900000098976,True,10625093,15991687
90,2025-12-29T00:28:52.671014+00:00,Pollard p-1,48,169913161601891,3000117820999980,False,0,0
91,2025-12-29T00:33:52.682932+00:00,Lenstra,48,169913161601891,0.22585549999894283,True,10625093,15991687
92,2025-12-29T00:33:52.909966+00:00,Fermat,48,223598900786017,0.02182360000006156,True,13334843,16768019
93,2025-12-29T00:33:52.931855+00:00,Pollard Rho,48,223598900786017,0.0012683000004471978,True,13334843,16768019
94,2025-12-29T00:33:52.933185+00:00,Pollard p-1,48,223598900786017,30000221319999900,False,0,0
95,2025-12-29T00:38:52.935556+00:00,Lenstra,48,223598900786017,0.011338099999193219,True,13334843,16768019
96,2025-12-29T00:38:52.947978+00:00,Fermat,48,148322438714557,0.0003169999999954598,True,12009071,12350867
97,2025-12-29T00:38:52.948344+00:00,Pollard Rho,48,148322438714557,0.0014279000006354181,True,12009071,12350867
98,2025-12-29T00:38:52.949833+00:00,Pollard p-1,48,148322438714557,0.4612246000015148,True,12009071,12350867
99,2025-12-29T00:38:53.411161+00:00,Lenstra,48,148322438714557,0.27087980000032985,True,12009071,12350867
100,2025-12-29T00:38:53.683087+00:00,Fermat,48,120518962401853,0.00023119999968912452,True,10839979,11118007
101,2025-12-29T00:38:53.683380+00:00,Pollard Rho,48,120518962401853,0.002233600000181468,True,10839979,11118007
102,2025-12-29T00:38:53.685664+00:00,Pollard p-1,48,120518962401853,0.056140499998946325,True,10839979,11118007
103,2025-12-29T00:38:53.741882+00:00,Lenstra,48,120518962401853,0.4153519999999844,True,10839979,11118007
104,2025-12-29T00:38:54.158244+00:00,Fermat,48,184550739610483,0.09216430000014952,True,11044963,16709041
105,2025-12-29T00:38:54.250514+00:00,Pollard Rho,48,184550739610483,0.003451699998549884,True,11044963,16709041
106,2025-12-29T00:38:54.254042+00:00,Pollard p-1,48,184550739610483,0.07364530000086233,True,11044963,16709041
107,2025-12-29T00:38:54.327791+00:00,Lenstra,48,184550739610483,0.01025139999910607,True,11044963,16709041
108,2025-12-29T00:38:54.338825+00:00,Fermat,48,142253449320097,0.04428770000049553,True,9992029,14236693
109,2025-12-29T00:38:54.383299+00:00,Pollard Rho,48,142253449320097,0.0003237000000808621,True,9992029,14236693
110,2025-12-29T00:38:54.383695+00:00,Pollard p-1,48,142253449320097,0.05059110000001965,True,9992029,14236693
111,2025-12-29T00:38:54.434364+00:00,Lenstra,48,142253449320097,0.2182061999992584,True,9992029,14236693
112,2025-12-29T00:38:54.653603+00:00,Fermat,48,139821429104419,0.09277889999975741,True,9002467,15531457
113,2025-12-29T00:38:54.746489+00:00,Pollard Rho,48,139821429104419,0.0009239000009984011,True,9002467,15531457
114,2025-12-29T00:38:54.747502+00:00,Pollard p-1,48,139821429104419,0.39220730000124604,True,9002467,15531457
115,2025-12-29T00:38:55.139816+00:00,Lenstra,48,139821429104419,0.005427199999758159,True,9002467,15531457
116,2025-12-29T00:38:55.146323+00:00,Fermat,48,156969686415571,0.018357699998887256,True,11174519,14047109
117,2025-12-29T00:38:55.164748+00:00,Pollard Rho,48,156969686415571,0.0021825999992870493,True,11174519,14047109
118,2025-12-29T00:38:55.166987+00:00,Pollard p-1,48,156969686415571,3000059237000000,False,0,0
119,2025-12-29T00:43:55.173088+00:00,Lenstra,48,156969686415571,0.19747739999911573,True,11174519,14047109
120,2025-12-29T00:43:55.371878+00:00,Fermat,48,94055464520819,0.016792800000985153,True,8624249,10905931
121,2025-12-29T00:43:55.388735+00:00,Pollard Rho,48,94055464520819,0.0011010999987774994,True,8624249,10905931
122,2025-12-29T00:43:55.389903+00:00,Pollard p-1,48,94055464520819,0.7105222999998659,True,8624249,10905931
123,2025-12-29T00:43:56.100506+00:00,Lenstra,48,94055464520819,0.16890729999977339,True,8624249,10905931
124,2025-12-29T00:43:56.270559+00:00,Fermat,48,105569432621057,0.034994199999346165,True,8631977,12230041
125,2025-12-29T00:43:56.305629+00:00,Pollard Rho,48,105569432621057,0.0019566999999369727,True,8631977,12230041
126,2025-12-29T00:43:56.307652+00:00,Pollard p-1,48,105569432621057,30001455630000000,False,0,0
127,2025-12-29T00:48:56.322350+00:00,Lenstra,48,105569432621057,0.034534700000222074,True,8631977,12230041
128,2025-12-29T00:48:56.358105+00:00,Fermat,48,116072965096477,0.048482500000318396,True,8834587,13138471
129,2025-12-29T00:48:56.406662+00:00,Pollard Rho,48,116072965096477,0.0018686999992496567,True,8834587,13138471
130,2025-12-29T00:48:56.408597+00:00,Pollard p-1,48,116072965096477,27522544999992500,True,8834587,13138471
131,2025-12-29T00:48:59.160959+00:00,Lenstra,48,116072965096477,0.012131600000429899,True,8834587,13138471
132,2025-12-29T00:48:59.174796+00:00,Fermat,48,134361310423037,0.11500879999948665,True,8664529,15507053
133,2025-12-29T00:48:59.289876+00:00,Pollard Rho,48,134361310423037,0.0015693999994255137,True,8664529,15507053
134,2025-12-29T00:48:59.291503+00:00,Pollard p-1,48,134361310423037,0.3121491000001697,True,8664529,15507053
135,2025-12-29T00:48:59.603729+00:00,Lenstra,48,134361310423037,0.011004199999661068,True,8664529,15507053
136,2025-12-29T00:48:59.615835+00:00,Fermat,48,99280760114491,0.002313200000571669,True,9541061,10405631
137,2025-12-29T00:48:59.618207+00:00,Pollard Rho,48,99280760114491,0.001210200000059558,True,9541061,10405631
138,2025-12-29T00:48:59.619473+00:00,Pollard p-1,48,99280760114491,1903033510000020,True,9541061,10405631
139,2025-12-29T00:49:18.650016+00:00,Lenstra,48,99280760114491,0.007222500000352738,True,9541061,10405631
140,2025-12-29T00:49:18.658622+00:00,Fermat,48,185030393118001,0.009055900000021211,True,12696071,14573831
141,2025-12-29T00:49:18.667742+00:00,Pollard Rho,48,185030393118001,0.0006468999999924563,True,12696071,14573831
142,2025-12-29T00:49:18.668455+00:00,Pollard p-1,48,185030393118001,13600657900000400,True,12696071,14573831
143,2025-12-29T00:49:32.269259+00:00,Lenstra,48,185030393118001,0.1452625000001717,True,12696071,14573831
144,2025-12-29T00:49:32.415723+00:00,Fermat,48,184035605677223,0.049126300000352785,True,11255789,16350307
145,2025-12-29T00:49:32.464918+00:00,Pollard Rho,48,184035605677223,0.0016470999999000924,True,11255789,16350307
146,2025-12-29T00:49:32.466618+00:00,Pollard p-1,48,184035605677223,5667745400000050,True,11255789,16350307
147,2025-12-29T00:49:38.134502+00:00,Lenstra,48,184035605677223,0.022120300000096904,True,11255789,16350307
148,2025-12-29T00:49:38.157598+00:00,Fermat,48,253554989739299,0.0009572999988449737,True,15587479,16266581
149,2025-12-29T00:49:38.158616+00:00,Pollard Rho,48,253554989739299,0.002811899999869638,True,15587479,16266581
150,2025-12-29T00:49:38.161500+00:00,Pollard p-1,48,253554989739299,31549176200000100,True,15587479,16266581
151,2025-12-29T00:50:09.710830+00:00,Lenstra,48,253554989739299,0.03554690000055416,True,15587479,16266581
152,2025-12-29T00:50:09.747725+00:00,Fermat,48,140474319436421,0.014292199999545119,True,10686917,13144513
153,2025-12-29T00:50:09.762078+00:00,Pollard Rho,48,140474319436421,0.0015067000003909925,True,10686917,13144513
154,2025-12-29T00:50:09.763653+00:00,Pollard p-1,48,140474319436421,0.0040675000000192085,True,10686917,13144513
155,2025-12-29T00:50:09.767788+00:00,Lenstra,48,140474319436421,0.2680182000003697,True,10686917,13144513
156,2025-12-29T00:50:10.037039+00:00,Fermat,48,208225759073923,89099999968.3117,True,14333029,14527687
157,2025-12-29T00:50:10.037211+00:00,Pollard Rho,48,208225759073923,0.0013484999999491265,True,14333029,14527687
158,2025-12-29T00:50:10.038610+00:00,Pollard p-1,48,208225759073923,9059969899999480,True,14333029,14527687
159,2025-12-29T00:50:19.098727+00:00,Lenstra,48,208225759073923,0.10914469999988796,True,14333029,14527687
160,2025-12-29T00:50:19.209091+00:00,Fermat,48,136496827933561,0.0016299999988405034,True,11306249,12072689
161,2025-12-29T00:50:19.210785+00:00,Pollard Rho,48,136496827933561,0.0008648999992146855,True,11306249,12072689
162,2025-12-29T00:50:19.211713+00:00,Pollard p-1,48,136496827933561,0.17714109999906213,True,11306249,12072689
163,2025-12-29T00:50:19.388958+00:00,Lenstra,48,136496827933561,0.34229639999830397,True,11306249,12072689
164,2025-12-29T00:50:19.732539+00:00,Fermat,48,154637036576681,0.0031023999999888474,True,11891153,13004377
165,2025-12-29T00:50:19.735711+00:00,Pollard Rho,48,154637036576681,0.0021652000014000805,True,11891153,13004377
166,2025-12-29T00:50:19.737937+00:00,Pollard p-1,48,154637036576681,0.0017781999995349906,True,11891153,13004377
167,2025-12-29T00:50:19.739794+00:00,Lenstra,48,154637036576681,0.37608990000080667,True,11891153,13004377
168,2025-12-29T00:50:20.117463+00:00,Fermat,48,214750729873417,0.023201699999845005,True,12983713,16540009
169,2025-12-29T00:50:20.140727+00:00,Pollard Rho,48,214750729873417,0.00394620000042778,True,12983713,16540009
170,2025-12-29T00:50:20.144732+00:00,Pollard p-1,48,214750729873417,0.003182599999490776,True,12983713,16540009
171,2025-12-29T00:50:20.147973+00:00,Lenstra,48,214750729873417,0.17342439999993076,True,12983713,16540009
172,2025-12-29T00:50:20.322686+00:00,Fermat,48,150274618938077,0.01819200000136334,True,10918057,13763861
173,2025-12-29T00:50:20.340937+00:00,Pollard Rho,48,150274618938077,0.0038449000003311085,True,10918057,13763861
174,2025-12-29T00:50:20.344853+00:00,Pollard p-1,48,150274618938077,30000502830000000,False,0,0
175,2025-12-29T00:55:20.350052+00:00,Lenstra,48,150274618938077,0.0021010000000387663,True,10918057,13763861
176,2025-12-29T00:55:20.353527+00:00,Fermat,48,116879962118203,0.0037907000005361624,True,10223029,11433007
177,2025-12-29T00:55:20.357390+00:00,Pollard Rho,48,116879962118203,0.0026158000000577886,True,10223029,11433007
178,2025-12-29T00:55:20.360070+00:00,Pollard p-1,48,116879962118203,0.18445210000027146,True,10223029,11433007
179,2025-12-29T00:55:20.544594+00:00,Lenstra,48,116879962118203,0.0593284999995376,True,10223029,11433007
180,2025-12-29T00:55:20.605349+00:00,Fermat,48,165641063113531,0.0012760999998135958,True,12496969,13254499
181,2025-12-29T00:55:20.606675+00:00,Pollard Rho,48,165641063113531,0.0008474000005662674,True,12496969,13254499
182,2025-12-29T00:55:20.607590+00:00,Pollard p-1,48,165641063113531,0.013884699999834993,True,12496969,13254499
183,2025-12-29T00:55:20.621539+00:00,Lenstra,48,165641063113531,0.18754919999992126,True,12496969,13254499
184,2025-12-29T00:55:20.810446+00:00,Fermat,48,149217838159763,0.007160300001487485,True,11367569,13126627
185,2025-12-29T00:55:20.817677+00:00,Pollard Rho,48,149217838159763,0.0006472000004578149,True,11367569,13126627
186,2025-12-29T00:55:20.818408+00:00,Pollard p-1,48,149217838159763,30002400130000000,False,0,0
187,2025-12-29T01:00:20.842576+00:00,Lenstra,48,149217838159763,0.006381099999998696,True,11367569,13126627
188,2025-12-29T01:00:20.850975+00:00,Fermat,48,215032321521097,0.002485200000592158,True,14219069,15122813
189,2025-12-29T01:00:20.853530+00:00,Pollard Rho,48,215032321521097,0.0015910000001895241,True,14219069,15122813
190,2025-12-29T01:00:20.855186+00:00,Pollard p-1,48,215032321521097,0.002012899998590001,True,14219069,15122813
191,2025-12-29T01:00:20.857262+00:00,Lenstra,48,215032321521097,0.23334609999983513,True,14219069,15122813
192,2025-12-29T01:00:21.092070+00:00,Fermat,48,235781714477173,0.00488969999969413,True,14584331,16166783
193,2025-12-29T01:00:21.097031+00:00,Pollard Rho,48,235781714477173,0.001171500000054948,True,14584331,16166783
194,2025-12-29T01:00:21.098288+00:00,Pollard p-1,48,235781714477173,3000194130999980,False,0,0
195,2025-12-29T01:05:21.117862+00:00,Lenstra,48,235781714477173,0.13596099999995204,True,14584331,16166783
196,2025-12-29T01:05:21.255433+00:00,Fermat,48,126962002062521,0.001282899998841458,True,10937573,11607877
197,2025-12-29T01:05:21.256763+00:00,Pollard Rho,48,126962002062521,0.0015281999985745642,True,10937573,11607877
198,2025-12-29T01:05:21.258342+00:00,Pollard p-1,48,126962002062521,0.021840100000190432,True,10937573,11607877
199,2025-12-29T01:05:21.280263+00:00,Lenstra,48,126962002062521,0.647048699998777,True,10937573,11607877
200,2025-12-29T01:05:21.928766+00:00,Fermat,48,185367091516337,0.05416049999985262,True,11188339,16567883
201,2025-12-29T01:05:21.983001+00:00,Pollard Rho,48,185367091516337,0.00035650000063469633,True,11188339,16567883
202,2025-12-29T01:05:21.983420+00:00,Pollard p-1,48,185367091516337,0.015637900000001537,True,11188339,16567883
203,2025-12-29T01:05:21.999158+00:00,Lenstra,48,185367091516337,0.06918450000011944,True,11188339,16567883
204,2025-12-29T01:05:22.069771+00:00,Fermat,48,118277776964951,0.06812490000083926,True,8540027,13849813
205,2025-12-29T01:05:22.137967+00:00,Pollard Rho,48,118277776964951,0.0018163000004278729,True,8540027,13849813
206,2025-12-29T01:05:22.139835+00:00,Pollard p-1,48,118277776964951,30000433950000100,False,0,0
207,2025-12-29T01:10:22.144356+00:00,Lenstra,48,118277776964951,0.19695900000078836,True,8540027,13849813
208,2025-12-29T01:10:22.342945+00:00,Fermat,48,135299304320317,0.006344399998852168,True,10877179,12438823
209,2025-12-29T01:10:22.349363+00:00,Pollard Rho,48,135299304320317,0.002937400000519119,True,10877179,12438823
210,2025-12-29T01:10:22.352367+00:00,Pollard p-1,48,135299304320317,0.02257389999977022,True,10877179,12438823
211,2025-12-29T01:10:22.375003+00:00,Lenstra,48,135299304320317,0.24368309999954363,True,10877179,12438823
212,2025-12-29T01:10:22.620264+00:00,Fermat,48,225656920681693,0.007362700000157929,True,14059531,16050103
213,2025-12-29T01:10:22.627701+00:00,Pollard Rho,48,225656920681693,0.002964100000099279,True,14059531,16050103
214,2025-12-29T01:10:22.630731+00:00,Pollard p-1,48,225656920681693,30000818960000100,False,0,0
215,2025-12-29T01:15:22.639082+00:00,Lenstra,48,225656920681693,0.30499980000058713,True,14059531,16050103
216,2025-12-29T01:15:22.945731+00:00,Fermat,48,197566770614251,0.03480879999915487,True,12118669,16302679
217,2025-12-29T01:15:22.980615+00:00,Pollard Rho,48,197566770614251,0.0020387000004120637,True,12118669,16302679
218,2025-12-29T01:15:22.982719+00:00,Pollard p-1,48,197566770614251,1905742295,True,12118669,16302679
219,2025-12-29T01:18:33.557080+00:00,Lenstra,48,197566770614251,0.009479000000283122,True,12118669,16302679
220,2025-12-29T01:18:33.568656+00:00,Fermat,48,230212883708491,0.00880700000016077,True,14219141,16190351
221,2025-12-29T01:18:33.577551+00:00,Pollard Rho,48,230212883708491,0.0017205000003741588,True,14219141,16190351
222,2025-12-29T01:18:33.579336+00:00,Pollard p-1,48,230212883708491,1487871000001170,True,14219141,16190351
223,2025-12-29T01:18:35.067304+00:00,Lenstra,48,230212883708491,0.33065070000156993,True,14219141,16190351
224,2025-12-29T01:18:35.399637+00:00,Fermat,48,123845252615219,0.07967219999954978,True,8609501,14384719
225,2025-12-29T01:18:35.479386+00:00,Pollard Rho,48,123845252615219,0.0020956000007572584,True,8609501,14384719
226,2025-12-29T01:18:35.481541+00:00,Pollard p-1,48,123845252615219,0.0022164000001794193,True,8609501,14384719
227,2025-12-29T01:18:35.483827+00:00,Lenstra,48,123845252615219,0.546927000001233,True,8609501,14384719
228,2025-12-29T01:18:36.032413+00:00,Fermat,48,247443858162269,0.00014960000044084154,True,15603613,15858113
229,2025-12-29T01:18:36.032622+00:00,Pollard Rho,48,247443858162269,0.0030894999999873107,True,15603613,15858113
230,2025-12-29T01:18:36.035777+00:00,Pollard p-1,48,247443858162269,14651919599999000,True,15603613,15858113
231,2025-12-29T01:18:50.687821+00:00,Lenstra,48,247443858162269,0.11784340000122029,True,15603613,15858113
232,2025-12-29T01:18:50.807708+00:00,Fermat,48,137336617884329,0.10771159999967495,True,8878627,15468227
233,2025-12-29T01:18:50.915549+00:00,Pollard Rho,48,137336617884329,0.0019388999990042066,True,8878627,15468227
234,2025-12-29T01:18:50.917540+00:00,Pollard p-1,48,137336617884329,71835401999996896,True,8878627,15468227
235,2025-12-29T01:18:58.101201+00:00,Lenstra,48,137336617884329,0.01810250000016822,True,8878627,15468227
236,2025-12-29T01:18:58.121507+00:00,Fermat,48,207106371471143,0.0032207000003836583,True,13871861,14929963
237,2025-12-29T01:18:58.124793+00:00,Pollard Rho,48,207106371471143,0.0029591000002255896,True,13871861,14929963
238,2025-12-29T01:18:58.127813+00:00,Pollard p-1,48,207106371471143,2540918812,True,13871861,14929963
239,2025-12-29T01:23:12.219825+00:00,Lenstra,48,207106371471143,0.003125400000499212,True,13871861,14929963
240,2025-12-29T01:23:12.224504+00:00,Fermat,48,97198613437063,0.0065598999990470475,True,9222887,10538849
241,2025-12-29T01:23:12.231139+00:00,Pollard Rho,48,97198613437063,0.0004566000006889226,True,9222887,10538849
242,2025-12-29T01:23:12.231665+00:00,Pollard p-1,48,97198613437063,5308358000000220,True,9222887,10538849
243,2025-12-29T01:23:17.540143+00:00,Lenstra,48,97198613437063,0.28758190000007744,True,9222887,10538849
244,2025-12-29T01:23:17.829447+00:00,Fermat,48,101403842938033,0.004400399999212823,True,9473293,10704181
245,2025-12-29T01:23:17.833917+00:00,Pollard Rho,48,101403842938033,0.00182199999835575,True,9473293,10704181
246,2025-12-29T01:23:17.835817+00:00,Pollard p-1,48,101403842938033,0.03477579999889713,True,9473293,10704181
247,2025-12-29T01:23:17.870671+00:00,Lenstra,48,101403842938033,0.17114550000042072,True,9473293,10704181
248,2025-12-29T01:23:18.043459+00:00,Fermat,48,112101001123751,0.016845399999510846,True,9413333,11908747
249,2025-12-29T01:23:18.060369+00:00,Pollard Rho,48,112101001123751,74399998993.6128,True,9413333,11908747
250,2025-12-29T01:23:18.060516+00:00,Pollard p-1,48,112101001123751,11332981640000000,True,9413333,11908747
251,2025-12-29T01:25:11.390461+00:00,Lenstra,48,112101001123751,0.001262099998712074,True,9413333,11908747
252,2025-12-29T01:25:11.393237+00:00,Fermat,48,185564194046111,0.00590360000023793,True,12794849,14503039
253,2025-12-29T01:25:11.399212+00:00,Pollard Rho,48,185564194046111,0.004694799999924726,True,12794849,14503039
254,2025-12-29T01:25:11.403968+00:00,Pollard p-1,48,185564194046111,0.002077600000120583,True,12794849,14503039
255,2025-12-29T01:25:11.406116+00:00,Lenstra,48,185564194046111,0.04920929999934742,True,12794849,14503039
256,2025-12-29T01:25:11.457061+00:00,Fermat,48,255526492840733,0.0024057999999058666,True,15432229,16557977
257,2025-12-29T01:25:11.459537+00:00,Pollard Rho,48,255526492840733,0.0013027999993937556,True,15432229,16557977
258,2025-12-29T01:25:11.460905+00:00,Pollard p-1,48,255526492840733,0.001022799999191193,True,15432229,16557977
259,2025-12-29T01:25:11.462026+00:00,Lenstra,48,255526492840733,0.5645001000011689,True,15432229,16557977
260,2025-12-29T01:25:12.027911+00:00,Fermat,48,202722947229059,0.04197530000055849,True,12123877,16720967
261,2025-12-29T01:25:12.069962+00:00,Pollard Rho,48,202722947229059,0.001787200000762823,True,12123877,16720967
262,2025-12-29T01:25:12.071800+00:00,Pollard p-1,48,202722947229059,0.0013605999993160367,True,12123877,16720967
263,2025-12-29T01:25:12.073242+00:00,Lenstra,48,202722947229059,0.00864000000001397,True,12123877,16720967
264,2025-12-29T01:25:12.084044+00:00,Fermat,48,146120359786307,0.022275299999819254,True,10658891,13708777
265,2025-12-29T01:25:12.106387+00:00,Pollard Rho,48,146120359786307,0.001237599999512895,True,10658891,13708777
266,2025-12-29T01:25:12.107685+00:00,Pollard p-1,48,146120359786307,0.008177100000466453,True,10658891,13708777
267,2025-12-29T01:25:12.115938+00:00,Lenstra,48,146120359786307,0.2757535000000644,True,10658891,13708777
268,2025-12-29T01:25:12.393293+00:00,Fermat,48,236976671134201,0.012403400000039255,True,14259697,16618633
269,2025-12-29T01:25:12.405755+00:00,Pollard Rho,48,236976671134201,0.0018256000003020745,True,14259697,16618633
270,2025-12-29T01:25:12.407651+00:00,Pollard p-1,48,236976671134201,0.002293199999257922,True,14259697,16618633
271,2025-12-29T01:25:12.410015+00:00,Lenstra,48,236976671134201,0.4565500999997312,True,14259697,16618633
272,2025-12-29T01:25:12.868137+00:00,Fermat,48,111330581250949,0.00016249999862338882,True,10437181,10666729
273,2025-12-29T01:25:12.868350+00:00,Pollard Rho,48,111330581250949,0.002214300000559888,True,10437181,10666729
274,2025-12-29T01:25:12.870623+00:00,Pollard p-1,48,111330581250949,0.0001709000007394934,True,10437181,10666729
275,2025-12-29T01:25:12.870868+00:00,Lenstra,48,111330581250949,0.06967989999975543,True,10437181,10666729
276,2025-12-29T01:25:12.942289+00:00,Fermat,48,157466367506627,0.007734400000117603,True,11646353,13520659
277,2025-12-29T01:25:12.950092+00:00,Pollard Rho,48,157466367506627,0.0022802999992563855,True,11646353,13520659
278,2025-12-29T01:25:12.952434+00:00,Pollard p-1,48,157466367506627,0.6519103999999061,True,11646353,13520659
279,2025-12-29T01:25:13.604425+00:00,Lenstra,48,157466367506627,0.027922799999942072,True,11646353,13520659
280,2025-12-29T01:25:13.634157+00:00,Fermat,48,142974980995697,0.09292120000100113,True,9233579,15484243
281,2025-12-29T01:25:13.727146+00:00,Pollard Rho,48,142974980995697,0.0013169000012567267,True,9233579,15484243
282,2025-12-29T01:25:13.728524+00:00,Pollard p-1,48,142974980995697,30002180229999900,False,0,0
283,2025-12-29T01:30:13.750489+00:00,Lenstra,48,142974980995697,0.14818840000043565,True,9233579,15484243
284,2025-12-29T01:30:13.900586+00:00,Fermat,48,151705176069431,0.07984790000045905,True,9715397,15614923
285,2025-12-29T01:30:13.980513+00:00,Pollard Rho,48,151705176069431,0.003228700001272955,True,9715397,15614923
286,2025-12-29T01:30:13.983800+00:00,Pollard p-1,48,151705176069431,9026145329999960,True,9715397,15614923
287,2025-12-29T01:31:44.245384+00:00,Lenstra,48,151705176069431,0.1349850000005972,True,9715397,15614923
288,2025-12-29T01:31:44.382351+00:00,Fermat,48,197776510558937,0.0006238000005396316,True,13828391,14302207
289,2025-12-29T01:31:44.383029+00:00,Pollard Rho,48,197776510558937,0.0016257999996014405,True,13828391,14302207
290,2025-12-29T01:31:44.384717+00:00,Pollard p-1,48,197776510558937,0.07059189999927185,True,13828391,14302207
291,2025-12-29T01:31:44.455390+00:00,Lenstra,48,197776510558937,0.008248699999967357,True,13828391,14302207
292,2025-12-29T01:31:44.466208+00:00,Fermat,48,163113079027441,0.010618500000418862,True,11838781,13777861
293,2025-12-29T01:31:44.476894+00:00,Pollard Rho,48,163113079027441,0.0005412999998952728,True,11838781,13777861
294,2025-12-29T01:31:44.477488+00:00,Pollard p-1,48,163113079027441,0.03526550000060524,True,11838781,13777861
295,2025-12-29T01:31:44.512827+00:00,Lenstra,48,163113079027441,0.018210199999884935,True,11838781,13777861
296,2025-12-29T01:31:44.532760+00:00,Fermat,48,231494214980653,0.007094099999449099,True,14325161,16159973
297,2025-12-29T01:31:44.539919+00:00,Pollard Rho,48,231494214980653,0.0035800000005110633,True,14325161,16159973
298,2025-12-29T01:31:44.543561+00:00,Pollard p-1,48,231494214980653,0.0429028999988077,True,14325161,16159973
299,2025-12-29T01:31:44.586541+00:00,Lenstra,48,231494214980653,0.017893100000947015,True,14325161,16159973
300,2025-12-29T01:31:44.605866+00:00,Fermat,48,185236976366843,0.0179333999985829,True,12329591,15023773
301,2025-12-29T01:31:44.623889+00:00,Pollard Rho,48,185236976366843,0.0024979000008897856,True,12329591,15023773
302,2025-12-29T01:31:44.626450+00:00,Pollard p-1,48,185236976366843,0.042133999999350635,True,12329591,15023773
303,2025-12-29T01:31:44.668654+00:00,Lenstra,48,185236976366843,0.08455920000051265,True,12329591,15023773
304,2025-12-29T01:31:44.755256+00:00,Fermat,48,167114919993631,0.05163899999934074,True,10684703,15640577
305,2025-12-29T01:31:44.806968+00:00,Pollard Rho,48,167114919993631,0.0016024000015022466,True,10684703,15640577
306,2025-12-29T01:31:44.808630+00:00,Pollard p-1,48,167114919993631,0.08967039999879489,True,10684703,15640577
307,2025-12-29T01:31:44.898379+00:00,Lenstra,48,167114919993631,0.13630019999982323,True,10684703,15640577
308,2025-12-29T01:31:45.036508+00:00,Fermat,48,128181424025051,0.02183089999925869,True,9939541,12896111
309,2025-12-29T01:31:45.058404+00:00,Pollard Rho,48,128181424025051,0.0023775000008754432,True,9939541,12896111
310,2025-12-29T01:31:45.060835+00:00,Pollard p-1,48,128181424025051,0.3901313999995182,True,9939541,12896111
311,2025-12-29T01:31:45.451048+00:00,Lenstra,48,128181424025051,0.11460030000125698,True,9939541,12896111
312,2025-12-29T01:31:45.567654+00:00,Fermat,48,160977807629557,0.07674980000047071,True,10039739,16034063
313,2025-12-29T01:31:45.644480+00:00,Pollard Rho,48,160977807629557,0.0006866000003356021,True,10039739,16034063
314,2025-12-29T01:31:45.645228+00:00,Pollard p-1,48,160977807629557,0.008582899999964866,True,10039739,16034063
315,2025-12-29T01:31:45.653880+00:00,Lenstra,48,160977807629557,0.005621399999654386,True,10039739,16034063
316,2025-12-29T01:31:45.661580+00:00,Fermat,48,210207364252199,0.0005675000011251541,True,14269483,14731253
317,2025-12-29T01:31:45.662223+00:00,Pollard Rho,48,210207364252199,0.0023743000001559267,True,14269483,14731253
318,2025-12-29T01:31:45.664660+00:00,Pollard p-1,48,210207364252199,0.0010213000005023787,True,14269483,14731253
319,2025-12-29T01:31:45.665758+00:00,Lenstra,48,210207364252199,0.0024326000002474757,True,14269483,14731253
320,2025-12-29T01:31:45.670271+00:00,Fermat,48,158830747954399,0.08202989999881538,True,9919681,16011679
321,2025-12-29T01:31:45.752380+00:00,Pollard Rho,48,158830747954399,0.0024561999998695683,True,9919681,16011679
322,2025-12-29T01:31:45.754908+00:00,Pollard p-1,48,158830747954399,2850162470000030,True,9919681,16011679
323,2025-12-29T01:32:14.256663+00:00,Lenstra,48,158830747954399,0.29609419999906095,True,9919681,16011679
324,2025-12-29T01:32:14.554968+00:00,Fermat,48,243026446760497,0.00873920000049111,True,14504801,16754897
325,2025-12-29T01:32:14.563780+00:00,Pollard Rho,48,243026446760497,0.0032286000005115056,True,14504801,16754897
326,2025-12-29T01:32:14.567073+00:00,Pollard p-1,48,243026446760497,12244356020000100,True,14504801,16754897
327,2025-12-29T01:34:17.010789+00:00,Lenstra,48,243026446760497,0.24245840000003227,True,14504801,16754897
328,2025-12-29T01:34:17.255123+00:00,Fermat,48,170579981678657,0.006005900000673137,True,12265511,13907287
329,2025-12-29T01:34:17.261207+00:00,Pollard Rho,48,170579981678657,0.0031517999996140134,True,12265511,13907287
330,2025-12-29T01:34:17.264427+00:00,Pollard p-1,48,170579981678657,0.24404470000081346,True,12265511,13907287
331,2025-12-29T01:34:17.508577+00:00,Lenstra,48,170579981678657,0.03832650000003923,True,12265511,13907287
332,2025-12-29T01:34:17.548999+00:00,Fermat,48,179341078680877,0.04061990000082005,True,11332597,15825241
333,2025-12-29T01:34:17.589690+00:00,Pollard Rho,48,179341078680877,0.0015500999998039333,True,11332597,15825241
334,2025-12-29T01:34:17.591308+00:00,Pollard p-1,48,179341078680877,6905992290000170,True,11332597,15825241
335,2025-12-29T01:35:26.651387+00:00,Lenstra,48,179341078680877,0.20856850000018312,True,11332597,15825241
336,2025-12-29T01:35:26.861846+00:00,Fermat,48,161680644975137,0.006360000001222943,True,11873597,13616821
337,2025-12-29T01:35:26.868281+00:00,Pollard Rho,48,161680644975137,0.0016721000010875287,True,11873597,13616821
338,2025-12-29T01:35:26.870010+00:00,Pollard p-1,48,161680644975137,0.0003675999996630708,True,11873597,13616821
339,2025-12-29T01:35:26.870432+00:00,Lenstra,48,161680644975137,0.1073515000007319,True,11873597,13616821
340,2025-12-29T01:35:26.979776+00:00,Fermat,48,176213003851109,0.007234900000185007,True,12411257,14197837
341,2025-12-29T01:35:26.987091+00:00,Pollard Rho,48,176213003851109,0.0008997999993880512,True,12411257,14197837
342,2025-12-29T01:35:26.988049+00:00,Pollard p-1,48,176213003851109,0.01813410000067961,True,12411257,14197837
343,2025-12-29T01:35:27.006256+00:00,Lenstra,48,176213003851109,0.10625140000047395,True,12411257,14197837
344,2025-12-29T01:35:27.114583+00:00,Fermat,48,237151481954507,0.0006749999993189704,True,15123499,15680993
345,2025-12-29T01:35:27.115309+00:00,Pollard Rho,48,237151481954507,0.002790499998809537,True,15123499,15680993
346,2025-12-29T01:35:27.118165+00:00,Pollard p-1,48,237151481954507,3000175197999990,False,0,0
347,2025-12-29T01:40:27.135867+00:00,Lenstra,48,237151481954507,0.13083310000001802,True,15123499,15680993
348,2025-12-29T01:40:27.269090+00:00,Fermat,48,121535888355067,0.016945300001680152,True,9809207,12389981
349,2025-12-29T01:40:27.286107+00:00,Pollard Rho,48,121535888355067,0.0007890000015322585,True,9809207,12389981
350,2025-12-29T01:40:27.286964+00:00,Pollard p-1,48,121535888355067,0.03563700000086101,True,9809207,12389981
351,2025-12-29T01:40:27.322672+00:00,Lenstra,48,121535888355067,0.07689050000044517,True,9809207,12389981
352,2025-12-29T01:40:27.401794+00:00,Fermat,48,87448360978793,0.00020389999917824753,True,9238133,9466021
353,2025-12-29T01:40:27.402058+00:00,Pollard Rho,48,87448360978793,0.0026649999999790452,True,9238133,9466021
354,2025-12-29T01:40:27.404795+00:00,Pollard p-1,48,87448360978793,0.1122295999994094,True,9238133,9466021
355,2025-12-29T01:40:27.517126+00:00,Lenstra,48,87448360978793,0.12104990000079852,True,9238133,9466021
356,2025-12-29T01:40:27.640300+00:00,Fermat,48,129953012679613,0.005111999998916872,True,10727293,12114241
357,2025-12-29T01:40:27.645512+00:00,Pollard Rho,48,129953012679613,0.0015399000003526453,True,10727293,12114241
358,2025-12-29T01:40:27.647110+00:00,Pollard p-1,48,129953012679613,4700459540000150,True,10727293,12114241
359,2025-12-29T01:41:14.651865+00:00,Lenstra,48,129953012679613,0.18553869999959716,True,10727293,12114241
360,2025-12-29T01:41:14.839816+00:00,Fermat,48,124503222098599,0.015349699999205768,True,10055363,12381773
361,2025-12-29T01:41:14.855229+00:00,Pollard Rho,48,124503222098599,0.0013384999983827583,True,10055363,12381773
362,2025-12-29T01:41:14.856628+00:00,Pollard p-1,48,124503222098599,1288005400000110,True,10055363,12381773
363,2025-12-29T01:41:27.736840+00:00,Lenstra,48,124503222098599,0.24622269999963464,True,10055363,12381773
364,2025-12-29T01:41:27.985363+00:00,Fermat,48,204320358133733,0.002431799999612849,True,13764943,14843531
365,2025-12-29T01:41:27.987852+00:00,Pollard Rho,48,204320358133733,0.004721099998278078,True,13764943,14843531
366,2025-12-29T01:41:27.992642+00:00,Pollard p-1,48,204320358133733,0.013740800000960007,True,13764943,14843531
367,2025-12-29T01:41:28.006458+00:00,Lenstra,48,204320358133733,0.29531329999736045,True,13764943,14843531
368,2025-12-29T01:41:28.303943+00:00,Fermat,48,141227059117031,0.029287499997735722,True,10198183,13848257
369,2025-12-29T01:41:28.333306+00:00,Pollard Rho,48,141227059117031,0.002172299999074312,True,10198183,13848257
370,2025-12-29T01:41:28.335536+00:00,Pollard p-1,48,141227059117031,12111714999991800,True,10198183,13848257
371,2025-12-29T01:41:29.546837+00:00,Lenstra,48,141227059117031,0.2004400000005262,True,10198183,13848257
372,2025-12-29T01:41:29.749810+00:00,Fermat,48,207576475698161,0.001199299997097114,True,14011219,14815019
373,2025-12-29T01:41:29.751064+00:00,Pollard Rho,48,207576475698161,0.001851699998951517,True,14011219,14815019
374,2025-12-29T01:41:29.752981+00:00,Pollard p-1,48,207576475698161,9143364399998970,True,14011219,14815019
375,2025-12-29T01:41:38.896498+00:00,Lenstra,48,207576475698161,0.011677700000291225,True,14011219,14815019
376,2025-12-29T01:41:38.910006+00:00,Fermat,48,160002123941501,0.05514670000047772,True,10334497,15482333
377,2025-12-29T01:41:38.965221+00:00,Pollard Rho,48,160002123941501,0.0011759999979403801,True,10334497,15482333
378,2025-12-29T01:41:38.966457+00:00,Pollard p-1,48,160002123941501,0.13991579999856185,True,10334497,15482333
379,2025-12-29T01:41:39.106476+00:00,Lenstra,48,160002123941501,0.15867290000096546,True,10334497,15482333
380,2025-12-29T01:41:39.267398+00:00,Fermat,48,237935792909611,0.0020107999989704695,True,14903261,15965351
381,2025-12-29T01:41:39.269488+00:00,Pollard Rho,48,237935792909611,0.0021434000009321608,True,14903261,15965351
382,2025-12-29T01:41:39.271705+00:00,Pollard p-1,48,237935792909611,0.08423449999827426,True,14903261,15965351
383,2025-12-29T01:41:39.356042+00:00,Lenstra,48,237935792909611,0.17628740000145626,True,14903261,15965351
384,2025-12-29T01:41:39.534735+00:00,Fermat,48,116436296169437,0.07213899999987916,True,8390219,13877623
385,2025-12-29T01:41:39.606964+00:00,Pollard Rho,48,116436296169437,0.0021381000005931128,True,8390219,13877623
386,2025-12-29T01:41:39.609156+00:00,Pollard p-1,48,116436296169437,0.006328700001176912,True,8390219,13877623
387,2025-12-29T01:41:39.615557+00:00,Lenstra,48,116436296169437,0.08808640000279411,True,8390219,13877623
388,2025-12-29T01:41:39.705840+00:00,Fermat,48,153425643585433,0.02279859999907785,True,10864253,14122061
389,2025-12-29T01:41:39.728707+00:00,Pollard Rho,48,153425643585433,0.0024593999987700954,True,10864253,14122061
390,2025-12-29T01:41:39.731227+00:00,Pollard p-1,48,153425643585433,9123311040000040,True,10864253,14122061
391,2025-12-29T01:43:10.964471+00:00,Lenstra,48,153425643585433,0.19733699999778764,True,10864253,14122061
392,2025-12-29T01:43:11.164039+00:00,Fermat,48,232952091619921,0.01288859999840497,True,13987411,16654411
393,2025-12-29T01:43:11.177005+00:00,Pollard Rho,48,232952091619921,0.0025423999977647327,True,13987411,16654411
394,2025-12-29T01:43:11.179605+00:00,Pollard p-1,48,232952091619921,0.033133200002339436,True,13987411,16654411
395,2025-12-29T01:43:11.212811+00:00,Lenstra,48,232952091619921,0.357670400000643,True,13987411,16654411
396,2025-12-29T01:43:11.572425+00:00,Fermat,48,156998780758427,0.07467850000102771,True,9925891,15817097
397,2025-12-29T01:43:11.647185+00:00,Pollard Rho,48,156998780758427,0.0010861999980988912,True,9925891,15817097
398,2025-12-29T01:43:11.648368+00:00,Pollard p-1,48,156998780758427,0.0454210999996576,True,9925891,15817097
399,2025-12-29T01:43:11.693864+00:00,Lenstra,48,156998780758427,0.14148990000103367,True,9925891,15817097
400,2025-12-29T01:43:11.837740+00:00,Fermat,64,8917990476155909537,12977365100003200,True,2488194521,3584121097
401,2025-12-29T01:43:24.815250+00:00,Pollard Rho,64,8917990476155909537,0.060395900000003166,True,2488194521,3584121097
402,2025-12-29T01:43:24.875729+00:00,Pollard p-1,64,8917990476155909537,3320343320000020,True,2488194521,3584121097
403,2025-12-29T01:43:58.079322+00:00,Lenstra,64,8917990476155909537,0.43347390000053565,True,2488194521,3584121097
404,2025-12-29T01:43:58.515230+00:00,Fermat,64,8077228609981742891,13415452000001000,True,2319206437,3482755343
405,2025-12-29T01:44:11.930842+00:00,Pollard Rho,64,8077228609981742891,0.02033300000039162,True,2319206437,3482755343
406,2025-12-29T01:44:11.951253+00:00,Pollard p-1,64,8077228609981742891,0.028601499998330837,True,2319206437,3482755343
407,2025-12-29T01:44:11.979936+00:00,Lenstra,64,8077228609981742891,0.11557650000031572,True,2319206437,3482755343
408,2025-12-29T01:44:12.097951+00:00,Fermat,64,9291598409443757951,17376029900002300,True,2438097437,3811003723
409,2025-12-29T01:44:29.474143+00:00,Pollard Rho,64,9291598409443757951,0.0108369000008679,True,2438097437,3811003723
410,2025-12-29T01:44:29.485079+00:00,Pollard p-1,64,9291598409443757951,10403241799998700,True,2438097437,3811003723
411,2025-12-29T01:44:39.888463+00:00,Lenstra,64,9291598409443757951,0.6383459999997285,True,2438097437,3811003723
412,2025-12-29T01:44:40.528993+00:00,Fermat,64,13516874641487753819,15242808999973900,True,3462125573,3904212703
413,2025-12-29T01:44:42.053412+00:00,Pollard Rho,64,13516874641487753819,0.04318489999786834,True,3462125573,3904212703
414,2025-12-29T01:44:42.096673+00:00,Pollard p-1,64,13516874641487753819,26998220999994300,True,3462125573,3904212703
415,2025-12-29T01:44:44.796618+00:00,Lenstra,64,13516874641487753819,12350678000002500,True,3462125573,3904212703
416,2025-12-29T01:44:46.033981+00:00,Fermat,64,9743768839364734877,6193778699998800,True,2735747353,3561647909
417,2025-12-29T01:44:52.227924+00:00,Pollard Rho,64,9743768839364734877,0.03727240000080201,True,2735747353,3561647909
418,2025-12-29T01:44:52.265293+00:00,Pollard p-1,64,9743768839364734877,0.04274810000060825,True,2735747353,3561647909
419,2025-12-29T01:44:52.308125+00:00,Lenstra,64,9743768839364734877,2115222000000350,True,2735747353,3561647909
420,2025-12-29T01:44:54.425579+00:00,Fermat,64,5593552967658278929,0.7040726000013819,True,2246970841,2489374969
421,2025-12-29T01:44:55.129740+00:00,Pollard Rho,64,5593552967658278929,0.03868449999936274,True,2246970841,2489374969
422,2025-12-29T01:44:55.168520+00:00,Pollard p-1,64,5593552967658278929,2618807939999890,True,2246970841,2489374969
423,2025-12-29T01:45:21.356758+00:00,Lenstra,64,5593552967658278929,0.22062590000132332,True,2246970841,2489374969
424,2025-12-29T01:45:21.579858+00:00,Fermat,64,11354535880112036987,5103077400002800,True,3003617753,3780286579
425,2025-12-29T01:45:26.683089+00:00,Pollard Rho,64,11354535880112036987,0.021201300001848722,True,3003617753,3780286579
426,2025-12-29T01:45:26.704429+00:00,Pollard p-1,64,11354535880112036987,12139257700000500,True,3003617753,3780286579
427,2025-12-29T01:45:38.843839+00:00,Lenstra,64,11354535880112001024,4704188499999870,False,0,0
428,2025-12-29T01:45:43.550245+00:00,Fermat,64,14935535122731299257,2673340100001950,True,3577635643,4174694299
429,2025-12-29T01:45:46.223726+00:00,Pollard Rho,64,14935535122731299257,0.02558140000110143,True,3577635643,4174694299
430,2025-12-29T01:45:46.249377+00:00,Pollard p-1,64,14935535122731200512,3000328499999990,False,0,0
431,2025-12-29T01:50:46.282376+00:00,Lenstra,64,14935535122731299257,0.5892751999999746,True,3577635643,4174694299
432,2025-12-29T01:50:46.874061+00:00,Fermat,64,8541432815629684259,39556387000011400,True,2625858091,3252815849
433,2025-12-29T01:50:50.829825+00:00,Pollard Rho,64,8541432815629684259,0.018945100000564707,True,2625858091,3252815849
434,2025-12-29T01:50:50.848847+00:00,Pollard p-1,64,8541432815629684259,19866880000008600,True,2625858091,3252815849
435,2025-12-29T01:50:52.835621+00:00,Lenstra,64,8541432815629684259,11449023999994000,True,2625858091,3252815849
436,2025-12-29T01:50:53.982952+00:00,Fermat,64,11963948370556803473,0.039053799999237526,True,3426108263,3491993671
437,2025-12-29T01:50:54.022079+00:00,Pollard Rho,64,11963948370556803473,0.03511210000215215,True,3426108263,3491993671
438,2025-12-29T01:50:54.057260+00:00,Pollard p-1,64,11963948370556801024,30001552359999900,False,0,0
439,2025-12-29T01:55:54.072943+00:00,Lenstra,64,11963948370556803473,0.6538072999974247,True,3426108263,3491993671
440,2025-12-29T01:55:54.729065+00:00,Fermat,64,8088690056760741719,16891840299998800,True,2270832737,3561992887
441,2025-12-29T01:56:11.621036+00:00,Pollard Rho,64,8088690056760741719,0.024755099999310914,True,2270832737,3561992887
442,2025-12-29T01:56:11.645867+00:00,Pollard p-1,64,8088690056760741719,17053891299998200,True,2270832737,3561992887
443,2025-12-29T01:56:28.699885+00:00,Lenstra,64,8088690056760741719,11061932000011400,True,2270832737,3561992887
444,2025-12-29T01:56:29.808426+00:00,Fermat,64,8473896909637802983,275281404999987,True,2194127879,3862079777
445,2025-12-29T01:56:57.336698+00:00,Pollard Rho,64,8473896909637802983,0.03216760000213981,True,2194127879,3862079777
446,2025-12-29T01:56:57.368943+00:00,Pollard p-1,64,8473896909637799936,30000926400000000,False,0,0
447,2025-12-29T02:01:57.378368+00:00,Lenstra,64,8473896909637802983,0.6413644999993267,True,2194127879,3862079777
448,2025-12-29T02:01:58.022144+00:00,Fermat,64,8593271021560549447,12361249600002300,True,2423693203,3545527549
449,2025-12-29T02:02:10.383527+00:00,Pollard Rho,64,8593271021560549447,0.027133600000524893,True,2423693203,3545527549
450,2025-12-29T02:02:10.410746+00:00,Pollard p-1,64,8593271021560540160,3000015833000030,False,0,0
451,2025-12-29T02:07:10.412426+00:00,Lenstra,64,8593271021560549447,0.07858430000123917,True,2423693203,3545527549
452,2025-12-29T02:07:10.493474+00:00,Fermat,64,11909267356131586333,16929434999983600,True,3235848673,3680415421
453,2025-12-29T02:07:12.186511+00:00,Pollard Rho,64,11909267356131586333,0.019415899998421082,True,3235848673,3680415421
454,2025-12-29T02:07:12.205993+00:00,Pollard p-1,64,11909267356131500032,3000330996999980,False,0,0
455,2025-12-29T02:12:12.239256+00:00,Lenstra,64,11909267356131586333,0.2681964000003063,True,3235848673,3680415421
456,2025-12-29T02:12:12.509726+00:00,Fermat,64,4970394795787042861,0.0017938000019057654,True,2223578587,2235313303
457,2025-12-29T02:12:12.511574+00:00,Pollard Rho,64,4970394795787042861,0.02199260000270442,True,2223578587,2235313303
458,2025-12-29T02:12:12.533650+00:00,Pollard p-1,64,4970394795787039744,30002543819999800,False,0,0
459,2025-12-29T02:17:12.559255+00:00,Lenstra,64,4970394795787042861,12535225999999900,True,2223578587,2235313303
460,2025-12-29T02:17:13.815239+00:00,Fermat,64,7816965419886662159,15054498999998000,True,2613320447,2991200497
461,2025-12-29T02:17:15.320785+00:00,Pollard Rho,64,7816965419886662159,0.029377800001384458,True,2613320447,2991200497
462,2025-12-29T02:17:15.350231+00:00,Pollard p-1,64,7816965419886659584,30000715069999900,False,0,0
463,2025-12-29T02:22:15.357518+00:00,Lenstra,64,7816965419886662159,0.27331199999753153,True,2613320447,2991200497
464,2025-12-29T02:22:15.633310+00:00,Fermat,64,12337159085261844151,5979909999998190,True,3111986081,3964400471
465,2025-12-29T02:22:21.613334+00:00,Pollard Rho,64,12337159085261844151,0.009699000002001412,True,3111986081,3964400471
466,2025-12-29T02:22:21.623106+00:00,Pollard p-1,64,12337159085261799424,30003012240000300,False,0,0
467,2025-12-29T02:27:21.653359+00:00,Lenstra,64,12337159085261844151,15699413000002000,True,3111986081,3964400471
468,2025-12-29T02:27:23.225655+00:00,Fermat,64,8533640311232532437,13907318499997900,True,2387238533,3574691089
469,2025-12-29T02:27:37.133103+00:00,Pollard Rho,64,8533640311232532437,0.06698740000138059,True,2387238533,3574691089
470,2025-12-29T02:27:37.200178+00:00,Pollard p-1,64,8533640311232530432,30000018999999800,False,0,0
471,2025-12-29T02:32:37.200500+00:00,Lenstra,64,8533640311232532437,1025829899997910,True,2387238533,3574691089
472,2025-12-29T02:32:38.228857+00:00,Fermat,64,12161000599167512929,0.3763428999991447,True,3385171453,3592432693
473,2025-12-29T02:32:38.605338+00:00,Pollard Rho,64,12161000599167512929,0.020073599996976554,True,3385171453,3592432693
474,2025-12-29T02:32:38.625486+00:00,Pollard p-1,64,12161000599167500288,30002436370000200,False,0,0
475,2025-12-29T02:37:38.650011+00:00,Lenstra,64,12161000599167512929,0.7929944999996223,True,3385171453,3592432693
476,2025-12-29T02:37:39.445508+00:00,Fermat,64,5538802246006794307,0.04430370000045514,True,2324654201,2382634907
477,2025-12-29T02:37:39.489899+00:00,Pollard Rho,64,5538802246006794307,0.02983010000025388,True,2324654201,2382634907
478,2025-12-29T02:37:39.519796+00:00,Pollard p-1,64,5538802246006794307,0.5072161000025517,True,2324654201,2382634907
479,2025-12-29T02:37:40.027096+00:00,Lenstra,64,5538802246006794307,0.8109471999996458,True,2324654201,2382634907
480,2025-12-29T02:37:40.841292+00:00,Fermat,64,8586654189228865847,19975378600000100,True,2303122037,3728267131
481,2025-12-29T02:38:00.816799+00:00,Pollard Rho,64,8586654189228865847,0.018626299999596085,True,2303122037,3728267131
482,2025-12-29T02:38:00.835492+00:00,Pollard p-1,64,8586654189228860416,30001745010000000,False,0,0
483,2025-12-29T02:43:00.853077+00:00,Lenstra,64,8586654189228865847,0.7006062999971618,True,2303122037,3728267131
484,2025-12-29T02:43:01.556272+00:00,Fermat,64,11464797351928769971,15242024700000900,True,2785169113,4116373867
485,2025-12-29T02:43:16.798427+00:00,Pollard Rho,64,11464797351928769971,0.020585999998729676,True,2785169113,4116373867
486,2025-12-29T02:43:16.819090+00:00,Pollard p-1,64,11464797351928700928,3000263042000000,False,0,0
487,2025-12-29T02:48:16.845548+00:00,Lenstra,64,11464797351928769971,0.6368774000002304,True,2785169113,4116373867
488,2025-12-29T02:48:17.484876+00:00,Fermat,64,9540195406871554223,3524129510000050,True,2260303711,4220758193
489,2025-12-29T02:48:52.726305+00:00,Pollard Rho,64,9540195406871554223,0.053421099997649435,True,2260303711,4220758193
490,2025-12-29T02:48:52.779820+00:00,Pollard p-1,64,9540195406871554223,2089552950000140,True,2260303711,4220758193
491,2025-12-29T02:49:13.675482+00:00,Lenstra,64,9540195406871554223,19773050000003400,True,2260303711,4220758193
492,2025-12-29T02:49:15.655242+00:00,Fermat,64,6880392234977801503,0.025190700001985533,True,2600042813,2646261131
493,2025-12-29T02:49:15.680500+00:00,Pollard Rho,64,6880392234977801503,0.025403899999218993,True,2600042813,2646261131
494,2025-12-29T02:49:15.705975+00:00,Pollard p-1,64,6880392234977800192,30001635859999800,False,0,0
495,2025-12-29T02:54:15.722506+00:00,Lenstra,64,6880392234977801503,0.10379760000068927,True,2600042813,2646261131
496,2025-12-29T02:54:15.829275+00:00,Fermat,64,5314597261715179421,0.14132969999991474,True,2254642549,2357179529
497,2025-12-29T02:54:15.970692+00:00,Pollard Rho,64,5314597261715179421,0.029059999997116392,True,2254642549,2357179529
498,2025-12-29T02:54:15.999822+00:00,Pollard p-1,64,5314597261715170304,300003846399999,False,0,0
499,2025-12-29T02:59:16.003835+00:00,Lenstra,64,5314597261715179421,13898286000003200,True,2254642549,2357179529
500,2025-12-29T02:59:17.396584+00:00,Fermat,64,6646457545108609549,1206206899999960,True,2154719701,3084604249
501,2025-12-29T02:59:29.458783+00:00,Pollard Rho,64,6646457545108609549,0.02735890000258223,True,2154719701,3084604249
502,2025-12-29T02:59:29.486225+00:00,Pollard p-1,64,6646457545108609549,0.010925399998086505,True,2154719701,3084604249
503,2025-12-29T02:59:29.497213+00:00,Lenstra,64,6646457545108609549,332020630000261,True,2154719701,3084604249
504,2025-12-29T02:59:32.820388+00:00,Fermat,64,10542497558595229907,15047861900002300,True,2712714889,3886327163
505,2025-12-29T02:59:47.868392+00:00,Pollard Rho,64,10542497558595229907,0.04249830000117072,True,2712714889,3886327163
506,2025-12-29T02:59:47.911007+00:00,Pollard p-1,64,10542497558595198976,3000254406999990,False,0,0
507,2025-12-29T03:04:47.936623+00:00,Lenstra,64,10542497558595229907,2834935700000640,True,2712714889,3886327163
508,2025-12-29T03:04:50.774682+00:00,Fermat,64,12704918980969384487,0.04962890000024345,True,3532208359,3596876993
509,2025-12-29T03:04:50.824448+00:00,Pollard Rho,64,12704918980969384487,0.010880199999519391,True,3532208359,3596876993
510,2025-12-29T03:04:50.835418+00:00,Pollard p-1,64,12704918980969299968,30000069950000000,False,0,0
511,2025-12-29T03:09:50.836285+00:00,Lenstra,64,12704918980969384487,1236570799999750,True,3532208359,3596876993
512,2025-12-29T03:09:52.076596+00:00,Fermat,64,8509289303014108913,22294768200001200,True,2326825883,3657037411
513,2025-12-29T03:10:14.371522+00:00,Pollard Rho,64,8509289303014108913,0.0705216999995173,True,2326825883,3657037411
514,2025-12-29T03:10:14.442193+00:00,Pollard p-1,64,8509289303014099968,3000190648000020,False,0,0
515,2025-12-29T03:15:14.461418+00:00,Lenstra,64,8509289303014108913,19202183000015700,True,2326825883,3657037411
516,2025-12-29T03:15:16.384757+00:00,Fermat,64,7381637286282492917,1992511630000080,True,2175247693,3393469769
517,2025-12-29T03:15:36.310018+00:00,Pollard Rho,64,7381637286282492917,0.0480119999992894,True,2175247693,3393469769
518,2025-12-29T03:15:36.358126+00:00,Pollard p-1,64,7381637286282489856,30001949349999900,False,0,0
519,2025-12-29T03:20:36.377799+00:00,Lenstra,64,7381637286282492917,0.04157860000123037,True,2175247693,3393469769
520,2025-12-29T03:20:36.422234+00:00,Fermat,64,14792019711662355727,0.006462600002123509,True,3832902763,3859221229
521,2025-12-29T03:20:36.428786+00:00,Pollard Rho,64,14792019711662355727,0.03975969999737572,True,3832902763,3859221229
522,2025-12-29T03:20:36.468698+00:00,Pollard p-1,64,14792019711662299136,30001524869999700,False,0,0
523,2025-12-29T03:25:36.484103+00:00,Lenstra,64,14792019711662355727,0.5224289000034332,True,3832902763,3859221229
524,2025-12-29T03:25:37.009263+00:00,Fermat,64,11550325383099570563,0.8054459999984829,True,3266533757,3535957759
525,2025-12-29T03:25:37.814861+00:00,Pollard Rho,64,11550325383099570563,0.05206449999968754,True,3266533757,3535957759
526,2025-12-29T03:25:37.867064+00:00,Pollard p-1,64,11550325383099500544,3000016437000010,False,0,0
527,2025-12-29T03:30:37.868874+00:00,Lenstra,64,11550325383099570563,0.6365680000017164,True,3266533757,3535957759
528,2025-12-29T03:30:38.508823+00:00,Fermat,64,7664281275465838643,21482247600000800,True,2203364209,3478445027
529,2025-12-29T03:30:59.991226+00:00,Pollard Rho,64,7664281275465838643,0.04654410000148346,True,2203364209,3478445027
530,2025-12-29T03:31:00.037908+00:00,Pollard p-1,64,7664281275465838643,0.2194926000011037,True,2203364209,3478445027
531,2025-12-29T03:31:00.257550+00:00,Lenstra,64,7664281275465830400,6066819600000590,False,0,0
532,2025-12-29T03:31:06.327929+00:00,Fermat,64,8680057641065288809,42347915599999296,True,2167723501,4004227309
533,2025-12-29T03:31:48.676021+00:00,Pollard Rho,64,8680057641065288809,0.041993799997726455,True,2167723501,4004227309
534,2025-12-29T03:31:48.718131+00:00,Pollard p-1,64,8680057641065279488,3000003168000000,False,0,0
535,2025-12-29T03:36:48.718620+00:00,Lenstra,64,8680057641065288809,0.5813111999996181,True,2167723501,4004227309
536,2025-12-29T03:36:49.303541+00:00,Fermat,64,14925202910320898969,27783411999989700,True,3601132193,4144586233
537,2025-12-29T03:36:52.082051+00:00,Pollard Rho,64,14925202910320898969,0.037570899999991525,True,3601132193,4144586233
538,2025-12-29T03:36:52.119733+00:00,Pollard p-1,64,14925202910320799744,3000194405000000,False,0,0
539,2025-12-29T03:41:52.139369+00:00,Lenstra,64,14925202910320898969,0.35508670000126585,True,3601132193,4144586233
540,2025-12-29T03:41:52.498034+00:00,Fermat,64,12062017647173721739,0.0044243000011192635,True,3463772363,3482335553
541,2025-12-29T03:41:52.502532+00:00,Pollard Rho,64,12062017647173721739,0.016860099996847566,True,3463772363,3482335553
542,2025-12-29T03:41:52.519468+00:00,Pollard p-1,64,12062017647173699584,3000283277000010,False,0,0
543,2025-12-29T03:46:52.547957+00:00,Lenstra,64,12062017647173721739,0.18064220000087516,True,3463772363,3482335553
544,2025-12-29T03:46:52.731766+00:00,Fermat,64,15505828785681959063,33504479000002900,True,3651231229,4246739747
545,2025-12-29T03:46:56.082366+00:00,Pollard Rho,64,15505828785681959063,0.02889069999946514,True,3651231229,4246739747
546,2025-12-29T03:46:56.111351+00:00,Pollard p-1,64,15505828785681899520,30000749390000000,False,0,0
547,2025-12-29T03:51:56.119041+00:00,Lenstra,64,15505828785681959063,0.41288519999943674,True,3651231229,4246739747
548,2025-12-29T03:51:56.534878+00:00,Fermat,64,14268001028467891879,8220231399998730,True,3350989171,4257847549
549,2025-12-29T03:52:04.755249+00:00,Pollard Rho,64,14268001028467891879,0.07991129999936675,True,3350989171,4257847549
550,2025-12-29T03:52:04.835318+00:00,Pollard p-1,64,14268001028467891879,11707489299998900,True,3350989171,4257847549
551,2025-12-29T03:52:16.542981+00:00,Lenstra,64,14268001028467891879,14823633000014500,True,3350989171,4257847549
552,2025-12-29T03:52:18.029759+00:00,Fermat,64,17009345938738311133,0.07745509999949718,True,4078534619,4170455207
553,2025-12-29T03:52:18.107341+00:00,Pollard Rho,64,17009345938738311133,0.03606950000175857,True,4078534619,4170455207
554,2025-12-29T03:52:18.143526+00:00,Pollard p-1,64,17009345938738311133,6051688499999720,True,4078534619,4170455207
555,2025-12-29T03:52:24.195369+00:00,Lenstra,64,17009345938738311133,0.9185453999998572,True,4078534619,4170455207
556,2025-12-29T03:52:25.116881+00:00,Fermat,64,9542257783999942019,5532506699997610,True,2770713761,3443970979
557,2025-12-29T03:52:30.649539+00:00,Pollard Rho,64,9542257783999942019,0.029904099999839673,True,2770713761,3443970979
558,2025-12-29T03:52:30.679555+00:00,Pollard p-1,64,9542257783999940608,3000077921999980,False,0,0
559,2025-12-29T03:57:30.687515+00:00,Lenstra,64,9542257783999942019,12844413000020700,True,2770713761,3443970979
560,2025-12-29T03:57:31.974829+00:00,Fermat,64,7995744221975452897,0.0148869000004197,True,2810537203,2844916699
561,2025-12-29T03:57:31.989793+00:00,Pollard Rho,64,7995744221975452897,0.08261250000214204,True,2810537203,2844916699
562,2025-12-29T03:57:32.072556+00:00,Pollard p-1,64,7995744221975449600,3000095966000000,False,0,0
563,2025-12-29T04:02:32.082323+00:00,Lenstra,64,7995744221975452897,0.47386509999705595,True,2810537203,2844916699
564,2025-12-29T04:02:32.561560+00:00,Fermat,64,15094717603677665743,39987989000001104,True,3575436077,4221783659
565,2025-12-29T04:02:36.560494+00:00,Pollard Rho,64,15094717603677665743,0.04703759999756585,True,3575436077,4221783659
566,2025-12-29T04:02:36.607675+00:00,Pollard p-1,64,15094717603677599744,30002955329999800,False,0,0
567,2025-12-29T04:07:36.637392+00:00,Lenstra,64,15094717603677665743,1803450100000190,True,3575436077,4221783659
568,2025-12-29T04:07:38.444789+00:00,Fermat,64,9448669492531971629,3254904199999140,True,2838954947,3328221007
569,2025-12-29T04:07:41.699838+00:00,Pollard Rho,64,9448669492531971629,0.04369569999835221,True,2838954947,3328221007
570,2025-12-29T04:07:41.743684+00:00,Pollard p-1,64,9448669492531970048,30001744210000100,False,0,0
571,2025-12-29T04:12:41.761277+00:00,Lenstra,64,9448669492531971629,0.8342077999986941,True,2838954947,3328221007
572,2025-12-29T04:12:42.599105+00:00,Fermat,64,5614481421429033269,0.0188841000017419,True,2352615323,2386485103
573,2025-12-29T04:12:42.618078+00:00,Pollard Rho,64,5614481421429033269,0.01249430000098073,True,2352615323,2386485103
574,2025-12-29T04:12:42.630649+00:00,Pollard p-1,64,5614481421429029888,3000102235999980,False,0,0
575,2025-12-29T04:17:42.641040+00:00,Lenstra,64,5614481421429033269,0.24856309999813675,True,2352615323,2386485103
576,2025-12-29T04:17:42.893135+00:00,Fermat,64,11666207639321017907,7830896700001170,True,3031829953,3847909619
577,2025-12-29T04:17:50.724177+00:00,Pollard Rho,64,11666207639321017907,0.006538599998748396,True,3031829953,3847909619
578,2025-12-29T04:17:50.730786+00:00,Pollard p-1,64,11666207639320999936,3000305788000000,False,0,0
579,2025-12-29T04:22:50.761537+00:00,Lenstra,64,11666207639321017907,0.45092360000126064,True,3031829953,3847909619
580,2025-12-29T04:22:51.215852+00:00,Fermat,64,12775499553586422899,8680575499998660,True,3155791657,4048270907
581,2025-12-29T04:22:59.896573+00:00,Pollard Rho,64,12775499553586422899,0.03630440000051749,True,3155791657,4048270907
582,2025-12-29T04:22:59.932983+00:00,Pollard p-1,64,12775499553586399232,30001373579999900,False,0,0
583,2025-12-29T04:27:59.946898+00:00,Lenstra,64,12775499553586422899,16091540999987000,True,3155791657,4048270907
584,2025-12-29T04:28:01.559454+00:00,Fermat,64,7613949896693948539,32866562999988600,True,2527007383,3013030333
585,2025-12-29T04:28:04.846249+00:00,Pollard Rho,64,7613949896693948539,0.015855300000112038,True,2527007383,3013030333
586,2025-12-29T04:28:04.862213+00:00,Pollard p-1,64,7613949896693948539,11509148330000200,True,2527007383,3013030333
587,2025-12-29T04:29:59.953860+00:00,Lenstra,64,7613949896693948539,0.2741977000005136,True,2527007383,3013030333
588,2025-12-29T04:30:00.232533+00:00,Fermat,64,8727093282595848617,14307515100001100,True,2473458773,3528295429
589,2025-12-29T04:30:14.540201+00:00,Pollard Rho,64,8727093282595848617,0.09121690000029048,True,2473458773,3528295429
590,2025-12-29T04:30:14.631566+00:00,Pollard p-1,64,8727093282595840000,3000035389000000,False,0,0
591,2025-12-29T04:35:14.635275+00:00,Lenstra,64,8727093282595848617,2924782199999750,True,2473458773,3528295429
592,2025-12-29T04:35:17.563934+00:00,Fermat,64,13746319554749252893,0.5886875999967742,True,3592630729,3826254517
593,2025-12-29T04:35:18.152794+00:00,Pollard Rho,64,13746319554749252893,0.027785999998741318,True,3592630729,3826254517
594,2025-12-29T04:35:18.180707+00:00,Pollard p-1,64,13746319554749252893,0.00330989999929443,True,3592630729,3826254517
595,2025-12-29T04:35:18.184088+00:00,Lenstra,64,13746319554749252893,0.9341887000009592,True,3592630729,3826254517
596,2025-12-29T04:35:19.121673+00:00,Fermat,64,6886647375120596203,4367326899999170,True,2363385253,2913891151
597,2025-12-29T04:35:23.489135+00:00,Pollard Rho,64,6886647375120596203,0.04952740000226186,True,2363385253,2913891151
598,2025-12-29T04:35:23.538794+00:00,Pollard p-1,64,6886647375120596203,0.28035969999837107,True,2363385253,2913891151
599,2025-12-29T04:35:23.819300+00:00,Lenstra,64,6886647375120596203,0.04877979999946547,True,2363385253,2913891151
600,2025-12-29T04:35:23.872535+00:00,Fermat,64,6808169208875225531,0.5493690000002971,True,2517349949,2704498519
601,2025-12-29T04:35:24.422044+00:00,Pollard Rho,64,6808169208875225531,0.04024240000217105,True,2517349949,2704498519
602,2025-12-29T04:35:24.462395+00:00,Pollard p-1,64,6808169208875219968,3000319926000010,False,0,0
603,2025-12-29T04:40:24.494557+00:00,Lenstra,64,6808169208875225531,23519650000016500,True,2517349949,2704498519
604,2025-12-29T04:40:26.849920+00:00,Fermat,64,10606578330340272347,0.2940114999983052,True,3177971233,3337531259
605,2025-12-29T04:40:27.144077+00:00,Pollard Rho,64,10606578330340272347,0.04524680000031367,True,3177971233,3337531259
606,2025-12-29T04:40:27.189457+00:00,Pollard p-1,64,10606578330340272347,1282662504,True,3177971233,3337531259
607,2025-12-29T04:42:35.455882+00:00,Lenstra,64,10606578330340272347,5600196899998990,True,3177971233,3337531259
608,2025-12-29T04:42:41.059371+00:00,Fermat,64,11916555755727782611,895147039999938,True,3040119547,3919765513
609,2025-12-29T04:42:50.010979+00:00,Pollard Rho,64,11916555755727782611,0.03722910000215052,True,3040119547,3919765513
610,2025-12-29T04:42:50.048337+00:00,Pollard p-1,64,11916555755727782611,0.0072309999995923135,True,3040119547,3919765513
611,2025-12-29T04:42:50.055664+00:00,Lenstra,64,11916555755727782611,0.640650999997888,True,3040119547,3919765513
612,2025-12-29T04:42:50.701090+00:00,Fermat,64,6695105910962913527,9705434900002720,True,2228797429,3003909563
613,2025-12-29T04:43:00.406666+00:00,Pollard Rho,64,6695105910962913527,0.046486300001561176,True,2228797429,3003909563
614,2025-12-29T04:43:00.453291+00:00,Pollard p-1,64,6695105910962913527,0.012153499999840278,True,2228797429,3003909563
615,2025-12-29T04:43:00.465568+00:00,Lenstra,64,6695105910962913527,0.8394956000011007,True,2228797429,3003909563
616,2025-12-29T04:43:01.308808+00:00,Fermat,64,7594636598162248813,11000704599999100,True,2350642193,3230877341
617,2025-12-29T04:43:12.309651+00:00,Pollard Rho,64,7594636598162248813,0.0074161999982607085,True,2350642193,3230877341
618,2025-12-29T04:43:12.317159+00:00,Pollard p-1,64,7594636598162239488,30001732619999800,False,0,0
619,2025-12-29T04:48:12.334660+00:00,Lenstra,64,7594636598162248813,12179521000034500,True,2350642193,3230877341
620,2025-12-29T04:48:13.555682+00:00,Fermat,64,8073362600322080279,0.33870739999838406,True,2751191273,2934497023
621,2025-12-29T04:48:13.894501+00:00,Pollard Rho,64,8073362600322080279,0.03295540000181063,True,2751191273,2934497023
622,2025-12-29T04:48:13.927538+00:00,Pollard p-1,64,8073362600322079744,30000626849999700,False,0,0
623,2025-12-29T04:53:13.933956+00:00,Lenstra,64,8073362600322080279,0.07450510000126087,True,2751191273,2934497023
624,2025-12-29T04:53:14.011438+00:00,Fermat,64,14047890529123437659,6950323000000930,True,3300748667,4255970977
625,2025-12-29T04:53:20.961885+00:00,Pollard Rho,64,14047890529123437659,0.040609799998492235,True,3300748667,4255970977
626,2025-12-29T04:53:21.002577+00:00,Pollard p-1,64,14047890529123399680,3000158800999990,False,0,0
627,2025-12-29T04:58:21.018606+00:00,Lenstra,64,14047890529123437659,0.006113300001743482,True,3300748667,4255970977
628,2025-12-29T04:58:21.028986+00:00,Fermat,64,6693714597264486643,0.9455248000012944,True,2448476311,2733828613
629,2025-12-29T04:58:21.974616+00:00,Pollard Rho,64,6693714597264486643,0.013850300001649885,True,2448476311,2733828613
630,2025-12-29T04:58:21.988535+00:00,Pollard p-1,64,6693714597264480256,3000160786999980,False,0,0
631,2025-12-29T05:03:22.004748+00:00,Lenstra,64,6693714597264486643,0.31884879999779514,True,2448476311,2733828613
632,2025-12-29T05:03:22.326840+00:00,Fermat,64,9620173200290788237,3994517099999930,True,2791618189,3446092033
633,2025-12-29T05:03:26.321479+00:00,Pollard Rho,64,9620173200290788237,0.029937800001789583,True,2791618189,3446092033
634,2025-12-29T05:03:26.351497+00:00,Pollard p-1,64,9620173200290788237,4936320999997400,True,2791618189,3446092033
635,2025-12-29T05:03:31.287915+00:00,Lenstra,64,9620173200290788237,0.5201687999979185,True,2791618189,3446092033
636,2025-12-29T05:03:31.811082+00:00,Fermat,64,11186868399898135657,4461373400001320,True,3002384461,3725994637
637,2025-12-29T05:03:36.272579+00:00,Pollard Rho,64,11186868399898135657,0.05629109999790671,True,3002384461,3725994637
638,2025-12-29T05:03:36.328957+00:00,Pollard p-1,64,11186868399898135657,56208966600002800,True,3002384461,3725994637
639,2025-12-29T05:04:32.538049+00:00,Lenstra,64,11186868399898135657,15929560999975300,True,3002384461,3725994637
640,2025-12-29T05:04:34.133998+00:00,Fermat,64,13701808256403315173,0.5132856999989599,True,3577338953,3830167741
641,2025-12-29T05:04:34.647439+00:00,Pollard Rho,64,13701808256403315173,0.0506320999993477,True,3577338953,3830167741
642,2025-12-29T05:04:34.698163+00:00,Pollard p-1,64,13701808256403315173,4348457500000220,True,3577338953,3830167741
643,2025-12-29T05:04:39.046741+00:00,Lenstra,64,13701808256403315173,0.7771977999982482,True,3577338953,3830167741
644,2025-12-29T05:04:39.826998+00:00,Fermat,64,11449735119051196103,606237549999787,True,2989847117,3829538659
645,2025-12-29T05:04:45.889497+00:00,Pollard Rho,64,11449735119051196103,0.08015769999838085,True,2989847117,3829538659
646,2025-12-29T05:04:45.969738+00:00,Pollard p-1,64,11449735119051100160,3000233057000000,False,0,0
647,2025-12-29T05:09:45.993171+00:00,Lenstra,64,11449735119051196103,0.07666649999737274,True,2989847117,3829538659
648,2025-12-29T05:09:46.073136+00:00,Fermat,64,9245894585486346061,2990563739999920,True,2268685579,4075441159
649,2025-12-29T05:10:15.978910+00:00,Pollard Rho,64,9245894585486346061,0.040444999998726416,True,2268685579,4075441159
650,2025-12-29T05:10:16.019438+00:00,Pollard p-1,64,9245894585486346061,29267674740000000,True,2268685579,4075441159
651,2025-12-29T05:15:08.696330+00:00,Lenstra,64,9245894585486346061,0.7337489999990794,True,2268685579,4075441159
652,2025-12-29T05:15:09.433480+00:00,Fermat,64,9994249626509687977,6658875699999040,True,2762730431,3617526167
653,2025-12-29T05:15:16.092486+00:00,Pollard Rho,64,9994249626509687977,0.016613399999187095,True,2762730431,3617526167
654,2025-12-29T05:15:16.109168+00:00,Pollard p-1,64,9994249626509687977,0.5036015000005136,True,2762730431,3617526167
655,2025-12-29T05:15:16.612851+00:00,Lenstra,64,9994249626509687977,0.5726238999995985,True,2762730431,3617526167
656,2025-12-29T05:15:17.189145+00:00,Fermat,64,12767723024946871151,9158022700001310,True,3078018763,4148032877
657,2025-12-29T05:15:26.347299+00:00,Pollard Rho,64,12767723024946871151,0.022540899997693487,True,3078018763,4148032877
658,2025-12-29T05:15:26.369909+00:00,Pollard p-1,64,12767723024946871151,0.029535300000134157,True,3078018763,4148032877
659,2025-12-29T05:15:26.399521+00:00,Lenstra,64,12767723024946871151,0.5895135000027949,True,3078018763,4148032877
660,2025-12-29T05:15:26.992117+00:00,Fermat,64,9994434578552729803,20577950999977400,True,2935506199,3404671597
661,2025-12-29T05:15:29.050038+00:00,Pollard Rho,64,9994434578552729803,0.018550700002379017,True,2935506199,3404671597
662,2025-12-29T05:15:29.068655+00:00,Pollard p-1,64,9994434578552729803,1475917068000010,True,2935506199,3404671597
663,2025-12-29T05:17:56.660491+00:00,Lenstra,64,9994434578552729803,0.25961459999962244,True,2935506199,3404671597
664,2025-12-29T05:17:56.923341+00:00,Fermat,64,10503181950952508297,15741109399998000,True,2635748257,3984895721
665,2025-12-29T05:18:12.664581+00:00,Pollard Rho,64,10503181950952508297,0.016882500000065193,True,2635748257,3984895721
666,2025-12-29T05:18:12.681534+00:00,Pollard p-1,64,10503181950952499200,3000203509999990,False,0,0
667,2025-12-29T05:23:12.702020+00:00,Lenstra,64,10503181950952508297,0.5569102999979805,True,2635748257,3984895721
668,2025-12-29T05:23:13.262173+00:00,Fermat,64,12268148246251712861,16086718499998800,True,2867808539,4277882599
669,2025-12-29T05:23:29.349024+00:00,Pollard Rho,64,12268148246251712861,0.017106700001022546,True,2867808539,4277882599
670,2025-12-29T05:23:29.366202+00:00,Pollard p-1,64,12268148246251712861,1998887231999970,True,2867808539,4277882599
671,2025-12-29T05:26:49.255059+00:00,Lenstra,64,12268148246251712861,0.03172230000200216,True,2867808539,4277882599
672,2025-12-29T05:26:49.290366+00:00,Fermat,64,16394642834437438619,0.38683319999836385,True,3935164243,4166190233
673,2025-12-29T05:26:49.677280+00:00,Pollard Rho,64,16394642834437438619,0.03639100000145845,True,3935164243,4166190233
674,2025-12-29T05:26:49.713746+00:00,Pollard p-1,64,16394642834437438619,1331817449999650,True,3935164243,4166190233
675,2025-12-29T05:27:03.032046+00:00,Lenstra,64,16394642834437438619,12355313999978500,True,3935164243,4166190233
676,2025-12-29T05:27:04.270963+00:00,Fermat,64,10209143521002841187,6130254399999100,True,2806343179,3637881353
677,2025-12-29T05:27:10.401339+00:00,Pollard Rho,64,10209143521002841187,0.018791300000884803,True,2806343179,3637881353
678,2025-12-29T05:27:10.420202+00:00,Pollard p-1,64,10209143521002799104,30001684300000100,False,0,0
679,2025-12-29T05:32:10.437181+00:00,Lenstra,64,10209143521002841187,17586707999980700,True,2806343179,3637881353
680,2025-12-29T05:32:12.199091+00:00,Fermat,64,10463573484435853321,0.6255952999999863,True,3104415997,3370544893
681,2025-12-29T05:32:12.824765+00:00,Pollard Rho,64,10463573484435853321,0.06579209999836166,True,3104415997,3370544893
682,2025-12-29T05:32:12.890629+00:00,Pollard p-1,64,10463573484435853321,8191586000000820,True,3104415997,3370544893
683,2025-12-29T05:32:21.082325+00:00,Lenstra,64,10463573484435853321,0.1310778000006394,True,3104415997,3370544893
684,2025-12-29T05:32:21.216822+00:00,Fermat,64,10249081561512267443,26366079600000300,True,2450027819,4183251097
685,2025-12-29T05:32:47.583034+00:00,Pollard Rho,64,10249081561512267443,0.027669899998727487,True,2450027819,4183251097
686,2025-12-29T05:32:47.610781+00:00,Pollard p-1,64,10249081561512200192,30002956509999700,False,0,0
687,2025-12-29T05:37:47.640481+00:00,Lenstra,64,10249081561512267443,0.43815320000067004,True,2450027819,4183251097
688,2025-12-29T05:37:48.081819+00:00,Fermat,64,10135698214581146659,13839115599999700,True,2618619137,3870627107
689,2025-12-29T05:38:01.921065+00:00,Pollard Rho,64,10135698214581146659,0.015442599997186335,True,2618619137,3870627107
690,2025-12-29T05:38:01.936577+00:00,Pollard p-1,64,10135698214581100544,3000295549000000,False,0,0
691,2025-12-29T05:43:01.966288+00:00,Lenstra,64,10135698214581146659,0.9135835999986739,True,2618619137,3870627107
692,2025-12-29T05:43:02.883032+00:00,Fermat,64,9736408587974902747,10513563799999200,True,2627444189,3705657623
693,2025-12-29T05:43:13.396730+00:00,Pollard Rho,64,9736408587974902747,0.033104800000728574,True,2627444189,3705657623
694,2025-12-29T05:43:13.429910+00:00,Pollard p-1,64,9736408587974902747,17398250000005600,True,2627444189,3705657623
695,2025-12-29T05:43:15.169818+00:00,Lenstra,64,9736408587974902747,1035280000000050,True,2627444189,3705657623
696,2025-12-29T05:43:16.208902+00:00,Fermat,64,5654747524927592111,2004211799998300,True,2183158337,2590168303
697,2025-12-29T05:43:18.213214+00:00,Pollard Rho,64,5654747524927592111,0.005303300000377931,True,2183158337,2590168303
698,2025-12-29T05:43:18.218588+00:00,Pollard p-1,64,5654747524927592111,6036677620000040,True,2183158337,2590168303
699,2025-12-29T05:44:18.585516+00:00,Lenstra,64,5654747524927592111,17101891999991400,True,2183158337,2590168303
700,2025-12-29T05:44:20.298881+00:00,Fermat,64,6713735072488273469,26569149999995700,True,2356818229,2848643561
701,2025-12-29T05:44:22.955905+00:00,Pollard Rho,64,6713735072488273469,0.02493269999831682,True,2356818229,2848643561
702,2025-12-29T05:44:22.980899+00:00,Pollard p-1,64,6713735072488273469,0.0803976999995939,True,2356818229,2848643561
703,2025-12-29T05:44:23.061374+00:00,Lenstra,64,6713735072488273469,0.22622929999852204,True,2356818229,2848643561
704,2025-12-29T05:44:23.290967+00:00,Fermat,64,7258070921448425653,13312359000010400,True,2525336323,2874100711
705,2025-12-29T05:44:24.622297+00:00,Pollard Rho,64,7258070921448425653,0.0351355999991938,True,2525336323,2874100711
706,2025-12-29T05:44:24.657503+00:00,Pollard p-1,64,7258070921448425653,12074840999994100,True,2525336323,2874100711
707,2025-12-29T05:44:25.865073+00:00,Lenstra,64,7258070921448425653,2198236200001700,True,2525336323,2874100711
708,2025-12-29T05:44:28.066507+00:00,Fermat,64,11221307020422895003,4282298999998600,True,3013002071,3724294493
709,2025-12-29T05:44:32.348916+00:00,Pollard Rho,64,11221307020422895003,0.06383370000185096,True,3013002071,3724294493
710,2025-12-29T05:44:32.412833+00:00,Pollard p-1,64,11221307020422895003,0.020728100000269478,True,3013002071,3724294493
711,2025-12-29T05:44:32.433618+00:00,Lenstra,64,11221307020422895003,0.3816006999986712,True,3013002071,3724294493
712,2025-12-29T05:44:32.818387+00:00,Fermat,64,9218471969585578891,2420722620000010,True,2334722123,3948423617
713,2025-12-29T05:44:57.025748+00:00,Pollard Rho,64,9218471969585578891,0.016137099999468774,True,2334722123,3948423617
714,2025-12-29T05:44:57.041958+00:00,Pollard p-1,64,9218471969585569792,30001767109999800,False,0,0
715,2025-12-29T05:49:57.059789+00:00,Lenstra,64,9218471969585578891,0.1353823999997985,True,2334722123,3948423617
716,2025-12-29T05:49:57.198643+00:00,Fermat,64,10444113428474933351,26998682000012100,True,2966939951,3520163401
717,2025-12-29T05:49:59.898633+00:00,Pollard Rho,64,10444113428474933351,0.023922299998957897,True,2966939951,3520163401
718,2025-12-29T05:49:59.922622+00:00,Pollard p-1,64,10444113428474900480,3000124794000000,False,0,0
719,2025-12-29T05:54:59.935265+00:00,Lenstra,64,10444113428474933351,14805467000005500,True,2966939951,3520163401
720,2025-12-29T05:55:01.419170+00:00,Fermat,64,10228592900898505519,7608137300001540,True,2767457533,3696025243
721,2025-12-29T05:55:09.027435+00:00,Pollard Rho,64,10228592900898505519,0.02743439999903785,True,2767457533,3696025243
722,2025-12-29T05:55:09.054941+00:00,Pollard p-1,64,10228592900898500608,3000230229999970,False,0,0
723,2025-12-29T06:00:09.078123+00:00,Lenstra,64,10228592900898505519,0.038349500002368586,True,2767457533,3696025243
724,2025-12-29T06:00:09.120093+00:00,Fermat,64,9356398996328494489,9050014499996900,True,2605130809,3591527521
725,2025-12-29T06:00:18.170230+00:00,Pollard Rho,64,9356398996328494489,0.040270800000143936,True,2605130809,3591527521
726,2025-12-29T06:00:18.210583+00:00,Pollard p-1,64,9356398996328494489,0.019942400002037175,True,2605130809,3591527521
727,2025-12-29T06:00:18.230592+00:00,Lenstra,64,9356398996328494489,0.9774128000026394,True,2605130809,3591527521
728,2025-12-29T06:00:19.211289+00:00,Fermat,64,8814268051947342373,0.7497065000025032,True,2834382641,3109766453
729,2025-12-29T06:00:19.961062+00:00,Pollard Rho,64,8814268051947342373,0.03293440000197734,True,2834382641,3109766453
730,2025-12-29T06:00:19.994061+00:00,Pollard p-1,64,8814268051947339776,3000042208999980,False,0,0
731,2025-12-29T06:05:19.998416+00:00,Lenstra,64,8814268051947342373,0.19614320000255248,True,2834382641,3109766453
732,2025-12-29T06:05:20.197977+00:00,Fermat,64,7102887174126985271,856181700000161,True,2253078041,3152526031
733,2025-12-29T06:05:28.759927+00:00,Pollard Rho,64,7102887174126985271,0.01324910000039381,True,2253078041,3152526031
734,2025-12-29T06:05:28.773246+00:00,Pollard p-1,64,7102887174126980096,3000224277000010,False,0,0
735,2025-12-29T06:10:28.795835+00:00,Lenstra,64,7102887174126985271,11824934000032900,True,2253078041,3152526031
736,2025-12-29T06:10:29.981663+00:00,Fermat,64,4824107001210126073,0.003784200001973659,True,2188574107,2204223739
737,2025-12-29T06:10:29.985551+00:00,Pollard Rho,64,4824107001210126073,0.006524899996293243,True,2188574107,2204223739
738,2025-12-29T06:10:29.992149+00:00,Pollard p-1,64,4824107001210126073,39240464999966200,True,2188574107,2204223739
739,2025-12-29T06:10:33.916302+00:00,Lenstra,64,4824107001210126073,20491477999967100,True,2188574107,2204223739
740,2025-12-29T06:10:35.968771+00:00,Fermat,64,10440158586832377899,27060736599996700,True,2462392687,4239843077
741,2025-12-29T06:11:03.029642+00:00,Pollard Rho,64,10440158586832377899,0.025765600003069267,True,2462392687,4239843077
742,2025-12-29T06:11:03.055480+00:00,Pollard p-1,64,10440158586832300032,3000275466000020,False,0,0
743,2025-12-29T06:16:03.083189+00:00,Lenstra,64,10440158586832377899,0.05385009999736212,True,2462392687,4239843077
744,2025-12-29T06:16:03.140514+00:00,Fermat,64,7486714390887544829,6049256400001460,True,2383059671,3141639499
745,2025-12-29T06:16:09.189899+00:00,Pollard Rho,64,7486714390887544829,0.021016599996073637,True,2383059671,3141639499
746,2025-12-29T06:16:09.210987+00:00,Pollard p-1,64,7486714390887544829,45943816999933904,True,2383059671,3141639499
747,2025-12-29T06:16:13.805476+00:00,Lenstra,64,7486714390887544829,0.1972373999960837,True,2383059671,3141639499
748,2025-12-29T06:16:14.006319+00:00,Fermat,64,11510446522406481791,76105648999946400,True,2950953569,3900585439
749,2025-12-29T06:16:21.617006+00:00,Pollard Rho,64,11510446522406481791,0.036202099996444304,True,2950953569,3900585439
750,2025-12-29T06:16:21.653289+00:00,Pollard p-1,64,11510446522406481791,7806475100005620,True,2950953569,3900585439
751,2025-12-29T06:16:29.459877+00:00,Lenstra,64,11510446522406481791,4029747700005820,True,2950953569,3900585439
752,2025-12-29T06:16:33.493071+00:00,Fermat,64,9370931569769874287,12077098200003000,True,2538944663,3690876649
753,2025-12-29T06:16:45.570303+00:00,Pollard Rho,64,9370931569769874287,0.0069524999998975545,True,2538944663,3690876649
754,2025-12-29T06:16:45.577327+00:00,Pollard p-1,64,9370931569769869312,3000085704000010,False,0,0
755,2025-12-29T06:21:45.586056+00:00,Lenstra,64,9370931569769874287,19069388000061700,True,2538944663,3690876649
756,2025-12-29T06:21:47.496395+00:00,Fermat,64,16106980848616438441,0.8532083999962197,True,3847424263,4186432207
757,2025-12-29T06:21:48.349732+00:00,Pollard Rho,64,16106980848616438441,0.048702699998102617,True,3847424263,4186432207
758,2025-12-29T06:21:48.398513+00:00,Pollard p-1,64,16106980848616400896,3000250564999950,False,0,0
759,2025-12-29T06:26:48.423732+00:00,Lenstra,64,16106980848616438441,0.156709700000647,True,3847424263,4186432207
760,2025-12-29T06:26:48.583853+00:00,Fermat,64,9947131531145832767,20711688499999500,True,2479648319,4011508993
761,2025-12-29T06:27:09.295679+00:00,Pollard Rho,64,9947131531145832767,0.029669199997442774,True,2479648319,4011508993
762,2025-12-29T06:27:09.325435+00:00,Pollard p-1,64,9947131531145832767,14287446100002800,True,2479648319,4011508993
763,2025-12-29T06:27:23.612994+00:00,Lenstra,64,9947131531145832767,0.0209238000024925,True,2479648319,4011508993
764,2025-12-29T06:27:23.637478+00:00,Fermat,64,6044220657741301309,2244400899995520,True,2248510543,2688099763
765,2025-12-29T06:27:25.881985+00:00,Pollard Rho,64,6044220657741301309,0.0259105000004638,True,2248510543,2688099763
766,2025-12-29T06:27:25.907962+00:00,Pollard p-1,64,6044220657741299712,30002887799999700,False,0,0
767,2025-12-29T06:32:25.936965+00:00,Lenstra,64,6044220657741301309,0.07857800000056159,True,2248510543,2688099763
768,2025-12-29T06:32:26.019532+00:00,Fermat,64,7935327904000092847,23148711599998900,True,2162924987,3668794781
769,2025-12-29T06:32:49.168374+00:00,Pollard Rho,64,7935327904000092847,0.02184059999854071,True,2162924987,3668794781
770,2025-12-29T06:32:49.190289+00:00,Pollard p-1,64,7935327904000090112,3000163551000000,False,0,0
771,2025-12-29T06:37:49.206802+00:00,Lenstra,64,7935327904000092847,15058554999995900,True,2162924987,3668794781
772,2025-12-29T06:37:50.716110+00:00,Fermat,64,13015544708352089153,11993763099999300,True,3042578291,4277801083
773,2025-12-29T06:38:02.710000+00:00,Pollard Rho,64,13015544708352089153,0.010830299994267989,True,3042578291,4277801083
774,2025-12-29T06:38:02.720905+00:00,Pollard p-1,64,13015544708352000000,30002084350000200,False,0,0
775,2025-12-29T06:43:02.741907+00:00,Lenstra,64,13015544708352089153,1688443399994860,True,3042578291,4277801083
776,2025-12-29T06:43:04.433826+00:00,Fermat,64,7647783481892501743,10588259399999500,True,2303165041,3320553823
777,2025-12-29T06:43:15.022211+00:00,Pollard Rho,64,7647783481892501743,0.04042299999855459,True,2303165041,3320553823
778,2025-12-29T06:43:15.062717+00:00,Pollard p-1,64,7647783481892500480,30000133630000300,False,0,0
779,2025-12-29T06:48:15.064188+00:00,Lenstra,64,7647783481892501743,0.06932500000402797,True,2303165041,3320553823
780,2025-12-29T06:48:15.137215+00:00,Fermat,64,9562754279188775809,1622941500005250,True,2891894741,3306743549
781,2025-12-29T06:48:16.760289+00:00,Pollard Rho,64,9562754279188775809,0.012930400000186637,True,2891894741,3306743549
782,2025-12-29T06:48:16.773293+00:00,Pollard p-1,64,9562754279188770816,3000173040000000,False,0,0
783,2025-12-29T06:53:16.790753+00:00,Lenstra,64,9562754279188775809,12529928000003500,True,2891894741,3306743549
784,2025-12-29T06:53:18.047351+00:00,Fermat,64,13171624957015965929,7341151200002050,True,3178183357,4144387997
785,2025-12-29T06:53:25.388629+00:00,Pollard Rho,64,13171624957015965929,0.013431200000923127,True,3178183357,4144387997
786,2025-12-29T06:53:25.402130+00:00,Pollard p-1,64,13171624957015900160,30001546170000000,False,0,0
787,2025-12-29T06:58:25.417751+00:00,Lenstra,64,13171624957015965929,0.10255800000595627,True,3178183357,4144387997
788,2025-12-29T06:58:25.523817+00:00,Fermat,64,8826653450080718929,12593272799997000,True,2452884769,3598478641
789,2025-12-29T06:58:38.117214+00:00,Pollard Rho,64,8826653450080718929,0.010678999999072403,True,2452884769,3598478641
790,2025-12-29T06:58:38.127963+00:00,Pollard p-1,64,8826653450080718929,0.10037880000163568,True,2452884769,3598478641
791,2025-12-29T06:58:38.228420+00:00,Lenstra,64,8826653450080718929,0.17328830000042217,True,2452884769,3598478641
792,2025-12-29T06:58:38.405537+00:00,Fermat,64,13115065950232327129,29676064000013800,True,3328101307,3940705147
793,2025-12-29T06:58:41.373246+00:00,Pollard Rho,64,13115065950232327129,0.04890490000252612,True,3328101307,3940705147
794,2025-12-29T06:58:41.422235+00:00,Pollard p-1,64,13115065950232299520,3000139029999990,False,0,0
795,2025-12-29T07:03:41.436297+00:00,Lenstra,64,13115065950232327129,0.22488929999963148,True,3328101307,3940705147
796,2025-12-29T07:03:41.664801+00:00,Fermat,64,10493613058881523121,0.0005970000056549907,True,3235360927,3243413423
797,2025-12-29T07:03:41.665454+00:00,Pollard Rho,64,10493613058881523121,0.049861899999086745,True,3235360927,3243413423
798,2025-12-29T07:03:41.715385+00:00,Pollard p-1,64,10493613058881523121,8580616400002320,True,3235360927,3243413423
799,2025-12-29T07:03:50.296126+00:00,Lenstra,64,10493613058881523121,12994511999932000,True,3235360927,3243413423
800,2025-12-29T07:03:51.599106+00:00,Fermat,128,294954190569706008529679012609770127360,3000000132999990,False,17174031816129699840,17174429029104699392
801,2025-12-29T07:08:51.599254+00:00,Pollard Rho,128,294954190569706008529679012609770127360,3000000125000000,False,0,0
802,2025-12-29T07:13:51.599404+00:00,Pollard p-1,128,294954190569706008529679012609770127360,3000068250999970,False,0,0
803,2025-12-29T07:18:51.606391+00:00,Lenstra,128,294954190569706008529679012609770127360,9998468899997530,False,0,0
804,2025-12-29T07:19:01.608415+00:00,Fermat,128,265436060142861007158332888378475806720,3000000077000000,False,16292015168001499136,16292401977638199296
805,2025-12-29T07:24:01.608590+00:00,Pollard Rho,128,265436060142861007158332888378475806720,30000001450000100,False,0,0
806,2025-12-29T07:29:01.608768+00:00,Pollard p-1,128,265436060142861007158332888378475806720,3000012884000020,False,0,0
807,2025-12-29T07:34:01.610219+00:00,Lenstra,128,265436060142861007158332888378475806720,10004939500002300,False,0,0
808,2025-12-29T07:34:11.618704+00:00,Fermat,128,185878613812354004550862650843477311488,3000000074999980,False,13633553073288400896,13633908403271299072
809,2025-12-29T07:39:11.618878+00:00,Pollard Rho,128,185878613812354004550862650843477311488,30000001290000300,False,0,0
810,2025-12-29T07:44:11.619051+00:00,Pollard p-1,128,185878613812354004550862650843477311488,3000451135999970,False,0,0
811,2025-12-29T07:49:11.664323+00:00,Lenstra,128,185878613812354004550862650843477311488,9928634100004270,False,0,0
812,2025-12-29T07:49:21.596661+00:00,Fermat,128,155781466561580991527628747744022102016,30000000810000300,False,12481077489627199488,12481411696309700608
813,2025-12-29T07:54:21.596793+00:00,Pollard Rho,128,155781466561580991527628747744022102016,3000000130999970,False,0,0
814,2025-12-29T07:59:21.596974+00:00,Pollard p-1,128,155781466561580991527628747744022102016,30004090089999900,False,0,0
815,2025-12-29T08:04:21.638009+00:00,Lenstra,128,155781466561580991527628747744022102016,9991932500000980,False,0,0
816,2025-12-29T08:04:31.633736+00:00,Fermat,128,167342389783818000101325096767685918720,30000008199999800,False,0,0
817,2025-12-29T08:09:31.633971+00:00,Pollard Rho,128,167342389783818000101325096767685918720,30000001040000600,False,0,0
818,2025-12-29T08:14:31.634123+00:00,Pollard p-1,128,167342389783818000101325096767685918720,30002826379999800,False,0,0
819,2025-12-29T08:19:31.662547+00:00,Lenstra,128,167342389783818000101325096767685918720,99712709000014,False,0,0
820,2025-12-29T08:19:41.637505+00:00,Fermat,128,95843137424056797233048511968433930240,30000000819999600,False,9789800144732690432,9790101534976110592
821,2025-12-29T08:24:41.637656+00:00,Pollard Rho,128,95843137424056797233048511968433930240,3000000155999950,False,0,0
822,2025-12-29T08:29:41.637851+00:00,Pollard p-1,128,95843137424056797233048511968433930240,3000234012000000,False,0,0
823,2025-12-29T08:34:41.661403+00:00,Lenstra,128,95843137424056797233048511968433930240,9922857999998080,False,0,0
824,2025-12-29T08:34:51.588322+00:00,Fermat,128,245509899085394001111924475496878833664,3000000072999970,False,15668565891638300672,15668945121289699328
825,2025-12-29T08:39:51.588488+00:00,Pollard Rho,128,245509899085394001111924475496878833664,30000001549999400,False,0,0
826,2025-12-29T08:44:51.588670+00:00,Pollard p-1,128,245509899085394001111924475496878833664,3000459931000000,False,0,0
827,2025-12-29T08:49:51.634829+00:00,Lenstra,128,245509899085394001111924475496878833664,10094970699996300,False,0,0
828,2025-12-29T08:50:01.733567+00:00,Fermat,128,192956293368978004076271409776717463552,30000001890000500,False,0,0
829,2025-12-29T08:55:01.733756+00:00,Pollard Rho,128,192956293368978004076271409776717463552,3000000146999950,False,0,0
830,2025-12-29T09:00:01.733935+00:00,Pollard p-1,128,192956293368978004076271409776717463552,30003556409999800,False,0,0
831,2025-12-29T09:05:01.769637+00:00,Lenstra,128,192956293368978004076271409776717463552,9950131900004630,False,0,0
832,2025-12-29T09:05:11.723551+00:00,Fermat,128,203798066149611007606632688084192329728,30000000810000300,False,14275604636451799040,14275967382090799104
833,2025-12-29T09:10:11.723695+00:00,Pollard Rho,128,203798066149611007606632688084192329728,3000000149999970,False,0,0
834,2025-12-29T09:15:11.723846+00:00,Pollard p-1,128,203798066149611007606632688084192329728,3000397727000010,False,0,0
835,2025-12-29T09:20:11.763759+00:00,Lenstra,128,203798066149611007606632688084192329728,10023289199998500,False,0,0
836,2025-12-29T09:20:21.790780+00:00,Fermat,128,218402560666318008960713372746674864128,3000000230000000,False,0,0
837,2025-12-29T09:25:21.790965+00:00,Pollard Rho,128,218402560666318008960713372746674864128,30000001569999500,False,0,0
838,2025-12-29T09:30:21.791148+00:00,Pollard p-1,128,218402560666318008960713372746674864128,3000406876000050,False,0,0
839,2025-12-29T09:35:21.832000+00:00,Lenstra,128,218402560666318008960713372746674864128,9922728499994260,False,0,0
840,2025-12-29T09:35:31.758510+00:00,Fermat,128,156264750291425002877088645841411899392,3000000150000050,False,0,0
841,2025-12-29T09:40:31.758690+00:00,Pollard Rho,128,156264750291425002877088645841411899392,300000017499995,False,0,0
842,2025-12-29T09:45:31.758872+00:00,Pollard p-1,128,156264750291425002877088645841411899392,3000195670999960,False,0,0
843,2025-12-29T09:50:31.778611+00:00,Lenstra,128,156264750291425002877088645841411899392,9905360400000060,False,0,0
844,2025-12-29T09:50:41.687775+00:00,Fermat,128,139659857824034005139016675598710865920,30000001450000100,False,0,0
845,2025-12-29T09:55:41.687954+00:00,Pollard Rho,128,139659857824034005139016675598710865920,30000001679999600,False,0,0
846,2025-12-29T10:00:41.688141+00:00,Pollard p-1,128,139659857824034005139016675598710865920,30004099219999600,False,0,0
847,2025-12-29T10:05:41.729297+00:00,Lenstra,128,139659857824034005139016675598710865920,9753449499999980,False,0,0
848,2025-12-29T10:05:51.486935+00:00,Fermat,128,128947206828222998959295240933403000832,30000000789999400,False,11355330550281601024,11355654179967899648
849,2025-12-29T10:10:51.487091+00:00,Pollard Rho,128,128947206828222998959295240933403000832,3000000160999980,False,0,0
850,2025-12-29T10:15:51.487252+00:00,Pollard p-1,128,128947206828222998959295240933403000832,3000004814999990,False,0,0
851,2025-12-29T10:20:51.487887+00:00,Lenstra,128,128947206828222998959295240933403000832,9981934799994630,False,0,0
